emp_no,first_name,last_name,birth_date,current_title,first_hire_date,to_date
10095,Hilari,Morton,1/3/65,Senior Staff,3/10/94,1/1/99
10122,Ohad,Esposito,1/19/65,Technique Leader,8/6/98,1/1/99
10291,Dipayan,Seghrouchni,1/23/65,Senior Staff,3/30/87,1/1/99
10476,Kokou,Iisaka,1/1/65,Senior Staff,9/20/87,1/1/99
10663,Teunis,Noriega,1/9/65,Technique Leader,1/23/93,1/1/99
10762,Lech,Himler,1/19/65,Senior Staff,1/21/92,1/1/99
10933,Juyoung,Seghrouchni,1/24/65,Senior Engineer,8/2/93,1/1/99
12155,Keiichiro,Glinert,1/21/65,Senior Engineer,9/16/93,1/1/99
12408,Rasiah,Sudkamp,1/10/65,Senior Engineer,4/18/95,1/1/99
12643,Morrie,Schurmann,1/30/65,Staff,12/31/98,1/1/99
13499,Kazuhiko,Sidou,1/16/65,Technique Leader,9/1/91,1/1/99
14075,Denny,Tchuente,1/3/65,Engineer,5/30/91,1/1/99
14104,Sudhanshu,Demian,1/3/65,Senior Staff,7/23/94,1/1/99
14127,Magdalena,Cannard,1/10/65,Senior Engineer,4/22/94,1/1/99
14158,Caolyn,Setiz,1/22/65,Senior Staff,2/6/90,1/1/99
14476,Sastry,Marrevee,1/19/65,Engineer,9/25/99,1/1/99
14907,Nakhoon,Luga,1/14/65,Senior Staff,12/18/86,1/1/99
15050,Nikolaos,Kruskal,1/18/65,Senior Engineer,12/17/90,1/1/99
15058,Bouchung,Bugrara,1/30/65,Senior Staff,6/18/90,1/1/99
15413,Arvin,Rabejac,1/17/65,Senior Engineer,1/1/94,1/1/99
16461,Remmert,Schahn,1/14/65,Senior Staff,9/6/86,1/1/99
16528,Gaurav,Swick,1/21/65,Engineer,5/7/96,1/1/99
17013,Morris,Garigliano,1/15/65,Senior Staff,5/24/95,1/1/99
17206,Berry,DeMori,1/2/65,Senior Engineer,12/27/92,1/1/99
17369,Yaghout,Kenevan,1/31/65,Senior Engineer,1/28/93,1/1/99
17447,Zengping,Boreale,1/11/65,Staff,12/16/98,1/1/99
17731,Gennady,Roison,1/16/65,Engineer,12/6/89,1/1/99
17970,Filipp,Carrere,1/6/65,Technique Leader,1/9/89,1/1/99
17988,Mabhin,Calkin,1/31/65,Senior Engineer,11/30/89,1/1/99
18021,Adil,Matzke,1/7/65,Senior Engineer,5/8/87,1/1/99
18424,Filipp,Rousseau,1/19/65,Senior Engineer,6/7/95,1/1/99
18583,Stafford,Honglei,1/3/65,Staff,8/16/98,1/1/99
18617,Surveyors,Crouzet,1/21/65,Senior Staff,4/24/89,1/1/99
18810,Taiji,Jarecki,1/9/65,Senior Engineer,6/27/91,1/1/99
19236,Elzbieta,Morris,1/24/65,Senior Engineer,7/12/88,1/1/99
19350,Satoru,Yoshizawa,1/19/65,Senior Staff,3/27/94,1/1/99
19803,Ziva,Kowalchuk,1/30/65,Senior Engineer,6/13/87,1/1/99
20100,Utz,Heuter,1/18/65,Senior Staff,6/15/86,1/1/99
20128,Kazunori,Peak,1/23/65,Senior Staff,8/13/99,1/1/99
20129,Rafael,Skafidas,1/10/65,Senior Engineer,3/28/91,1/1/99
20248,Vidar,Demri,1/12/65,Staff,12/31/99,1/1/99
20313,Candida,Benveniste,1/24/65,Engineer,1/20/99,1/1/99
20500,Christoph,Trystram,1/30/65,Senior Staff,10/15/93,1/1/99
20885,Otmar,Rothenberg,1/21/65,Senior Engineer,3/14/89,1/1/99
21181,Jianhui,Cangellaris,1/21/65,Engineer,10/6/91,1/1/99
21188,Piyush,Danecki,1/21/65,Engineer,1/8/00,1/1/99
21546,Yongmin,Lanteri,1/1/65,Senior Staff,2/16/88,1/1/99
21843,Karsten,Azadmanesh,1/9/65,Senior Engineer,11/29/85,1/1/99
21909,Mohammed,Brizzi,1/4/65,Senior Staff,12/28/91,1/1/99
22185,Huai,Birch,1/29/65,Engineer,3/26/96,1/1/99
22415,Perla,Jumpertz,1/20/65,Senior Staff,8/24/94,1/1/99
22451,Jasminko,Bresenham,1/27/65,Senior Staff,12/16/87,1/1/99
22455,Barry,Unno,1/6/65,Senior Staff,11/16/90,1/1/99
22926,Manibrata,Genther,1/1/65,Senior Engineer,1/15/88,1/1/99
23396,Hilari,Fairtlough,1/2/65,Technique Leader,12/15/86,1/1/99
24080,Jaana,Perez,1/26/65,Technique Leader,3/11/96,1/1/99
24205,Roddy,Rubsam,1/25/65,Senior Engineer,9/19/93,1/1/99
24377,Lubomir,Wroclawski,1/25/65,Senior Engineer,7/25/93,1/1/99
24394,Zhonghui,Conta,1/4/65,Staff,9/10/94,1/1/99
24553,Anwar,Passafiume,1/12/65,Senior Staff,1/30/87,1/1/99
24571,Cordelia,Gischer,1/20/65,Senior Engineer,3/14/89,1/1/99
25488,Ingmar,Basawa,1/19/65,Senior Staff,11/9/91,1/1/99
26629,Nevin,Rodham,1/28/65,Senior Staff,12/14/98,1/1/99
26671,Jiakeng,Kalorkoti,1/21/65,Senior Engineer,12/25/94,1/1/99
26788,Zongyan,Dalphin,1/25/65,Senior Engineer,4/23/88,1/1/99
27331,Wanqing,Krohm,1/19/65,Senior Staff,1/22/91,1/1/99
27378,Piyawadee,Leppanen,1/28/65,Senior Staff,2/25/99,1/1/99
27620,Shuji,Kandlur,1/25/65,Senior Engineer,3/2/90,1/1/99
27686,Manu,Rosiles,1/28/65,Senior Staff,3/3/98,1/1/99
27699,Falguni,Pezzoli,1/15/65,Engineer,12/23/96,1/1/99
27767,Tooru,Veldwijk,1/27/65,Senior Staff,11/21/93,1/1/99
28193,Xinglin,Mitsuhashi,1/29/65,Senior Engineer,12/14/88,1/1/99
28974,Chenxi,Sundgren,1/9/65,Senior Engineer,9/2/86,1/1/99
28988,Tua,Giveon,1/18/65,Technique Leader,9/9/98,1/1/99
29130,Xumin,Thorensen,1/6/65,Staff,4/26/98,1/1/99
29265,Gilbert,Calkin,1/14/65,Senior Staff,3/21/88,1/1/99
29380,Satoru,Vidal,1/30/65,Assistant Engineer,5/2/98,1/1/99
29418,Valery,Mersereau,1/22/65,Assistant Engineer,7/1/98,1/1/99
29679,Kolar,Steenbeek,1/17/65,Senior Engineer,10/18/86,1/1/99
29782,Jouko,Hellwagner,1/29/65,Senior Engineer,12/21/94,1/1/99
29954,Pranay,Giarratana,1/27/65,Senior Engineer,9/29/92,1/1/99
30007,Kousuke,Vecchio,1/24/65,Senior Engineer,2/23/90,1/1/99
30035,Tetsushi,Conta,1/8/65,Senior Staff,7/4/95,1/1/99
30154,Mayuko,Skafidas,1/26/65,Technique Leader,4/19/99,1/1/99
30182,Leon,Potthoff,1/26/65,Senior Engineer,12/8/85,1/1/99
30465,Randi,Avouris,1/28/65,Senior Engineer,7/16/86,1/1/99
30484,Sailaja,Chvatal,1/11/65,Staff,5/18/99,1/1/99
30695,Gudjon,Majewski,1/8/65,Senior Engineer,10/26/99,1/1/99
30938,Yakkov,Samarati,1/6/65,Senior Staff,5/23/95,1/1/99
31147,Divine,Sidhu,1/4/65,Senior Staff,7/5/89,1/1/99
31188,Leandro,Gist,1/12/65,Technique Leader,2/3/93,1/1/99
31207,Abdelwaheb,Dulin,1/30/65,Senior Engineer,8/5/93,1/1/99
31341,Oksana,Zultner,1/1/65,Senior Staff,3/23/91,1/1/99
31514,Harngdar,Schapire,1/13/65,Senior Engineer,11/9/96,1/1/99
31568,Mark,Lalonde,1/10/65,Staff,11/24/96,1/1/99
31909,Murthy,Peek,1/10/65,Engineer,7/19/94,1/1/99
32347,Terresa,Peres,1/8/65,Senior Staff,9/15/90,1/1/99
32552,Atreye,Stanger,1/17/65,Engineer,9/10/93,1/1/99
32649,Ingmar,Nannarelli,1/12/65,Senior Staff,6/10/88,1/1/99
32714,Radoslaw,Maliniak,1/16/65,Staff,11/17/97,1/1/99
32844,Tadahiko,Melton,1/23/65,Engineer,1/7/95,1/1/99
33025,Jessie,Thorelli,1/12/65,Senior Staff,12/16/99,1/1/99
33215,Steen,Fasbender,1/29/65,Technique Leader,2/14/93,1/1/99
33722,Anwar,Collette,1/15/65,Senior Engineer,3/22/94,1/1/99
34077,Angel,Sichman,1/8/65,Senior Staff,11/16/88,1/1/99
34261,Kyoichi,Callaway,1/5/65,Senior Staff,12/30/90,1/1/99
34446,Chinhyun,Bauknecht,1/31/65,Senior Engineer,12/19/86,1/1/99
34452,Naftaly,Foong,1/8/65,Senior Engineer,5/10/91,1/1/99
34505,Felicidad,Kumaresan,1/28/65,Senior Staff,9/6/94,1/1/99
34533,Erzsebet,Shigei,1/10/65,Senior Engineer,1/21/91,1/1/99
34780,Moni,Kohling,1/16/65,Staff,7/21/94,1/1/99
34788,Ennio,Babu,1/27/65,Senior Engineer,8/31/94,1/1/99
34936,Bokyung,Stamatiou,1/12/65,Technique Leader,2/12/91,1/1/99
35044,Jiang,Waschkowski,1/4/65,Senior Engineer,5/27/89,1/1/99
35087,Leif,Ashish,1/17/65,Senior Staff,10/14/94,1/1/99
35441,Chandrasekaran,Peek,1/31/65,Senior Engineer,2/7/88,1/1/99
35642,Ashish,Talmon,1/30/65,Senior Engineer,6/13/95,1/1/99
35793,Oscar,Kusalik,1/1/65,Senior Staff,5/11/91,1/1/99
35798,Ulf,Oberman,1/29/65,Senior Engineer,3/15/97,1/1/99
36521,Serif,Gladwell,1/21/65,Senior Staff,3/6/87,1/1/99
36626,Fen,Genin,1/2/65,Senior Staff,5/9/86,1/1/99
36733,Uma,Reinhard,1/4/65,Staff,11/1/97,1/1/99
36844,Hailing,Levergood,1/1/65,Staff,1/12/00,1/1/99
36982,Kotesh,Rajala,1/22/65,Senior Engineer,6/23/92,1/1/99
37070,Jeong,Undy,1/22/65,Senior Staff,2/13/85,1/1/99
37945,Suzette,Butterworth,1/2/65,Senior Engineer,2/19/94,1/1/99
38043,Michaela,Randi,1/5/65,Senior Engineer,11/23/85,1/1/99
38103,Masasuke,Babu,1/12/65,Senior Engineer,3/31/88,1/1/99
38168,Fumiko,Deverell,1/14/65,Senior Staff,8/15/87,1/1/99
38550,JoAnne,Baez,1/14/65,Senior Engineer,2/16/87,1/1/99
38593,Huei,Orsini,1/14/65,Senior Engineer,6/4/86,1/1/99
38947,Shuichi,Ruemmler,1/25/65,Senior Staff,3/8/91,1/1/99
39000,Martijn,Vendrig,1/8/65,Senior Staff,3/3/97,1/1/99
39036,Changho,Cappelli,1/8/65,Staff,5/4/96,1/1/99
39301,Rimon,Kawashima,1/7/65,Senior Staff,2/6/92,1/1/99
39341,Mahmut,Lampe,1/1/65,Senior Engineer,5/11/85,1/1/99
39952,Otmar,Sudbeck,1/2/65,Staff,7/22/98,1/1/99
40269,Toshiki,Ghazalie,1/10/65,Senior Staff,12/5/91,1/1/99
40283,Sudhanshu,Boissier,1/7/65,Senior Engineer,5/11/85,1/1/99
40301,Spyrose,Felder,1/20/65,Senior Engineer,6/16/96,1/1/99
40536,Harngdar,Bernardinello,1/20/65,Senior Engineer,2/29/88,1/1/99
40765,Michaela,Ramsak,1/1/65,Senior Staff,12/21/92,1/1/99
40773,Shimshon,Aingworth,1/9/65,Senior Staff,4/13/86,1/1/99
40983,Marla,Cherinka,1/17/65,Technique Leader,12/1/86,1/1/99
41114,Petter,Thummel,1/25/65,Technique Leader,12/24/95,1/1/99
41137,Bikash,Buchter,1/20/65,Senior Staff,11/23/87,1/1/99
41357,Willard,Vernadat,1/6/65,Engineer,3/4/97,1/1/99
41518,Keung,Schapiro,1/11/65,Senior Engineer,4/19/98,1/1/99
41520,Xiong,Uhrik,1/20/65,Senior Engineer,3/21/88,1/1/99
41609,Yucai,Simmen,1/4/65,Senior Staff,10/13/87,1/1/99
42778,Shuji,Remmers,1/19/65,Senior Staff,12/18/87,1/1/99
42911,Brigham,Eterovic,1/29/65,Senior Engineer,10/8/94,1/1/99
42950,Shaleah,Eickenmeyer,1/22/65,Senior Staff,10/9/93,1/1/99
42955,Yucel,Lortz,1/12/65,Engineer,2/21/95,1/1/99
43154,Maha,Waterhouse,1/13/65,Senior Staff,7/4/97,1/1/99
43733,Huei,Boguraev,1/26/65,Senior Staff,12/31/93,1/1/99
43848,Phillip,Oxenboll,1/11/65,Engineer,5/26/99,1/1/99
44054,Alenka,Ritcey,1/18/65,Engineer,2/9/97,1/1/99
44265,Maria,Eppinger,1/24/65,Engineer,1/30/97,1/1/99
44540,Mingzeng,Sadowski,1/16/65,Senior Engineer,11/12/89,1/1/99
44900,Mark,Schwaller,1/5/65,Senior Staff,8/10/94,1/1/99
44959,Volkmar,Uhrik,1/21/65,Senior Engineer,1/16/88,1/1/99
44962,Sariel,Wynblatt,1/16/65,Assistant Engineer,5/18/96,1/1/99
45162,Dulce,Speel,1/11/65,Senior Engineer,10/19/87,1/1/99
46000,Zhaofang,Penn,1/26/65,Senior Staff,7/24/97,1/1/99
46328,Wuxu,Trogemann,1/5/65,Senior Staff,1/27/97,1/1/99
46811,Junsik,Berendt,1/10/65,Senior Engineer,4/27/88,1/1/99
46834,Tooru,Daescu,1/22/65,Senior Staff,3/20/98,1/1/99
46943,Pasqua,Maraist,1/31/65,Senior Engineer,12/6/93,1/1/99
47016,Toong,Litecky,1/3/65,Senior Staff,3/1/89,1/1/99
47139,Marco,Usdin,1/25/65,Engineer,10/29/96,1/1/99
47262,Gonzalo,Binkley,1/10/65,Senior Engineer,8/16/85,1/1/99
47515,Naraig,Jenevein,1/26/65,Senior Engineer,1/18/87,1/1/99
47702,Juyoung,Vieri,1/21/65,Senior Staff,8/12/91,1/1/99
47708,Edwin,Haldar,1/5/65,Senior Staff,7/12/95,1/1/99
48275,Sariel,Massonet,1/29/65,Senior Staff,11/20/87,1/1/99
48690,Hitomi,Schaap,1/12/65,Staff,9/27/99,1/1/99
48882,Leen,Lamparter,1/28/65,Senior Engineer,6/7/93,1/1/99
48904,Yuichiro,Malabarba,1/23/65,Senior Staff,3/7/94,1/1/99
48947,Filipp,Akaboshi,1/5/65,Senior Staff,5/20/92,1/1/99
49010,Kazuhisa,Benantar,1/16/65,Senior Staff,10/23/89,1/1/99
49017,Filipp,Flanders,1/7/65,Senior Engineer,11/26/90,1/1/99
49119,Lena,Peek,1/9/65,Senior Engineer,5/16/91,1/1/99
49177,Tze,Bach,1/3/65,Engineer,3/9/99,1/1/99
49464,Siddarth,Cappelletti,1/14/65,Staff,9/10/99,1/1/99
49477,Baocai,Leaver,1/14/65,Senior Staff,8/5/98,1/1/99
50293,Xinan,Rindone,1/26/65,Engineer,10/8/96,1/1/99
50311,Mooi,Stafford,1/24/65,Senior Engineer,10/6/96,1/1/99
50453,Aron,Harbusch,1/12/65,Staff,10/2/97,1/1/99
50670,Boguslaw,Snedden,1/30/65,Senior Staff,2/20/85,1/1/99
50831,Marie,Khalid,1/6/65,Senior Engineer,10/27/90,1/1/99
51036,Chriss,Fasbender,1/29/65,Staff,5/23/95,1/1/99
51057,Theirry,Albarhamtoshy,1/29/65,Senior Staff,9/27/91,1/1/99
51060,Youngkon,Rohrbach,1/15/65,Senior Engineer,10/20/89,1/1/99
51142,Rosine,Lakshmanan,1/29/65,Senior Engineer,1/31/86,1/1/99
52038,Chikako,Armand,1/13/65,Senior Engineer,5/18/85,1/1/99
52040,Phule,Heijenga,1/14/65,Senior Staff,2/22/92,1/1/99
52283,Trygve,Krupka,1/20/65,Senior Staff,3/11/94,1/1/99
52386,Adas,Denti,1/28/65,Senior Staff,5/30/86,1/1/99
52590,Jouni,Munoz,1/21/65,Senior Staff,11/26/95,1/1/99
52599,Augustine,Mungall,1/25/65,Senior Engineer,8/31/87,1/1/99
52639,Arup,Colorni,1/9/65,Senior Staff,2/5/96,1/1/99
52770,Shugo,Yurek,1/31/65,Senior Staff,8/28/92,1/1/99
52778,Alain,Penn,1/15/65,Technique Leader,5/3/86,1/1/99
52956,Khalil,Picci,1/31/65,Senior Engineer,3/21/87,1/1/99
52970,Lobel,Werthner,1/22/65,Senior Engineer,3/17/88,1/1/99
53278,Premsyl,Lortz,1/31/65,Senior Staff,2/1/93,1/1/99
53314,Eberhardt,Carrera,1/6/65,Staff,2/23/99,1/1/99
53431,Sham,Vasanthakumar,1/12/65,Senior Staff,10/24/85,1/1/99
53499,Zdislav,Mandelberg,1/20/65,Senior Engineer,9/11/94,1/1/99
53597,Jiafu,Marchegay,1/30/65,Senior Engineer,3/2/85,1/1/99
53874,Bodo,Schade,1/23/65,Senior Staff,2/14/86,1/1/99
53924,Arnould,Gaughan,1/27/65,Senior Engineer,1/23/91,1/1/99
54198,Shaowen,Segond,1/1/65,Senior Engineer,1/6/86,1/1/99
54632,Etsuo,Serot,1/19/65,Senior Staff,6/14/89,1/1/99
54795,Sumant,Nergos,1/29/65,Senior Staff,5/7/93,1/1/99
54800,Breannda,Cangellaris,1/13/65,Staff,1/27/00,1/1/99
55640,Adit,Syrotiuk,1/25/65,Senior Engineer,7/16/93,1/1/99
55687,Shih,Lindqvist,1/2/65,Senior Engineer,3/29/95,1/1/99
55799,Jianwen,Litzler,1/23/65,Senior Engineer,6/17/87,1/1/99
55857,Adin,Scallan,1/18/65,Senior Staff,9/15/87,1/1/99
56105,Makato,Remmers,1/11/65,Senior Engineer,4/16/89,1/1/99
56209,Remzi,Douceur,1/19/65,Senior Engineer,12/1/92,1/1/99
56415,Sigeru,Nivat,1/30/65,Senior Staff,10/24/91,1/1/99
56428,Olivera,Hanabata,1/27/65,Senior Staff,11/10/86,1/1/99
56682,Roded,Picco,1/28/65,Assistant Engineer,11/6/93,1/1/99
56829,Nagui,Gruenwald,1/9/65,Engineer,12/24/95,1/1/99
56847,Menkae,Chinin,1/14/65,Senior Engineer,8/19/89,1/1/99
57934,Sanjoy,Boudaillier,1/25/65,Senior Engineer,12/27/89,1/1/99
58141,Bezalel,Karner,1/5/65,Staff,9/27/94,1/1/99
58147,Shigenori,Sullins,1/9/65,Senior Staff,2/24/88,1/1/99
58384,Mariusz,Vural,1/22/65,Senior Engineer,11/14/93,1/1/99
58454,Ziya,Zambonelli,1/25/65,Engineer,6/29/99,1/1/99
58497,Yechiam,Cairo,1/22/65,Senior Staff,7/12/96,1/1/99
58819,Gennady,Liesche,1/4/65,Senior Staff,12/2/87,1/1/99
58990,Palash,Trelles,1/4/65,Engineer,11/18/98,1/1/99
59195,Ronnie,Pollock,1/8/65,Technique Leader,6/19/90,1/1/99
59640,Zita,Hiltgen,1/18/65,Staff,1/26/99,1/1/99
59869,Zsolt,Riefers,2/1/65,Senior Staff,9/25/87,1/1/99
59966,Steen,Salvesen,1/28/65,Technique Leader,2/3/93,1/1/99
60000,Heekeun,Emmart,1/16/65,Engineer,9/23/95,1/1/99
60091,Surveyors,Bade,2/1/65,Senior Staff,4/11/90,1/1/99
60238,Erzsebet,Claffy,1/23/65,Staff,3/3/97,1/1/99
60559,Jeanna,Stemann,1/19/65,Senior Engineer,8/29/88,1/1/99
60821,Moty,Mersereau,1/2/65,Senior Staff,9/3/91,1/1/99
60845,Bedir,Siegrist,1/14/65,Engineer,5/13/97,1/1/99
60875,Rildo,Masaki,1/21/65,Senior Engineer,1/14/90,1/1/99
60959,Tetsushi,Sridhar,1/9/65,Senior Staff,1/12/89,1/1/99
61147,Leszek,Werthner,1/30/65,Staff,3/3/99,1/1/99
61253,Cheong,Uhrik,1/9/65,Senior Engineer,6/4/96,1/1/99
61377,Dannz,Ohori,1/1/65,Senior Staff,1/18/88,1/1/99
61541,Kasidit,Papsdorf,1/8/65,Senior Engineer,8/17/93,1/1/99
61873,Woody,Rusmann,1/19/65,Engineer,2/26/93,1/1/99
62033,Heeju,Cappelli,1/24/65,Senior Engineer,1/15/87,1/1/99
62046,Karlis,Nanard,1/31/65,Senior Engineer,9/19/92,1/1/99
62245,Adel,Bressoud,1/1/65,Engineer,8/30/95,1/1/99
63294,Tetsushi,Tanemo,1/23/65,Senior Engineer,3/1/97,1/1/99
63419,Hiroyasu,Seuren,1/14/65,Senior Engineer,3/5/89,1/1/99
63441,Hinrich,Scallan,1/15/65,Staff,4/4/99,1/1/99
63566,Heekeun,Slaats,1/31/65,Senior Staff,1/12/99,1/1/99
63631,Falguni,Cherinka,1/22/65,Senior Engineer,9/8/86,1/1/99
63706,Sedat,Itzigehl,1/26/65,Engineer,7/31/97,1/1/99
64023,Laurentiu,Benzmuller,1/11/65,Senior Engineer,11/8/99,1/1/99
64209,Golgen,Schoegge,1/24/65,Senior Staff,2/26/88,1/1/99
64487,Tsutomu,Rebaine,1/27/65,Senior Engineer,9/17/86,1/1/99
64532,Atilio,Segond,1/23/65,Senior Engineer,11/29/90,1/1/99
64632,Zsolt,Brender,1/7/65,Senior Staff,2/21/96,1/1/99
64790,Shin,Piveteau,1/29/65,Senior Engineer,4/19/85,1/1/99
64828,Krister,Pappas,1/27/65,Staff,9/30/99,1/1/99
64984,Eldridge,Eldridge,1/6/65,Senior Engineer,6/24/86,1/1/99
65171,Jeane,Tasistro,1/25/65,Technique Leader,7/6/94,1/1/99
65539,Aksel,Picaronny,1/23/65,Senior Engineer,1/27/91,1/1/99
65883,Patricia,Pepe,1/7/65,Senior Staff,4/19/91,1/1/99
65998,Mandell,Alameldin,1/9/65,Senior Staff,4/8/89,1/1/99
66382,Domenico,Candan,1/4/65,Engineer,7/13/97,1/1/99
66530,Dung,Leaver,1/29/65,Staff,4/4/98,1/1/99
66643,Jianhao,Tomescu,1/18/65,Engineer,8/26/96,1/1/99
66702,Deniz,Thibadeau,2/1/65,Senior Engineer,9/27/94,1/1/99
66757,Yonghong,Baig,1/16/65,Staff,4/10/99,1/1/99
66807,Aiman,Rosaz,1/21/65,Senior Engineer,5/22/90,1/1/99
67320,Sadok,Lorys,1/18/65,Senior Staff,5/10/87,1/1/99
67548,Fumitaka,Roohalamini,1/11/65,Staff,6/27/98,1/1/99
67934,Aiman,Gargeya,1/7/65,Senior Engineer,3/7/85,1/1/99
68416,Munenori,Debuse,1/27/65,Senior Engineer,11/8/90,1/1/99
68608,Yucai,Seghrouchni,1/26/65,Senior Engineer,6/9/89,1/1/99
68633,Chinhyun,Rassart,1/28/65,Senior Engineer,7/29/93,1/1/99
68648,Jaques,DiGiano,1/25/65,Technique Leader,4/1/92,1/1/99
69052,Shietung,Shrader,1/26/65,Senior Staff,8/5/95,1/1/99
69219,Shuky,Redmiles,1/9/65,Senior Staff,7/6/94,1/1/99
69867,Miyeon,Rothe,1/22/65,Senior Staff,4/9/91,1/1/99
69878,Chinya,Cooke,1/24/65,Engineer,1/29/97,1/1/99
69936,Lalit,Unni,1/23/65,Assistant Engineer,12/6/98,1/1/99
70469,Tru,Miyakawa,1/12/65,Senior Staff,9/3/90,1/1/99
70990,Arumugam,Nitta,1/22/65,Senior Engineer,3/23/90,1/1/99
71066,Domenick,Basart,1/27/65,Senior Staff,1/5/96,1/1/99
71141,Sajjad,Vitiello,1/2/65,Senior Staff,2/17/92,1/1/99
71188,Pranjal,Schapiro,1/2/65,Senior Staff,12/14/86,1/1/99
71243,Kinh,Buchter,1/10/65,Senior Engineer,3/29/86,1/1/99
71334,Cathie,Peck,1/15/65,Senior Engineer,4/12/93,1/1/99
71685,Kristinn,Olano,1/1/65,Senior Engineer,10/3/89,1/1/99
71710,Hitomi,Takanami,1/31/65,Assistant Engineer,12/15/97,1/1/99
71745,Adil,Laventhal,1/2/65,Engineer,5/13/92,1/1/99
72190,Sajjad,Waeselynck,1/19/65,Engineer,9/13/99,1/1/99
72194,Feiyu,Siepmann,1/26/65,Senior Engineer,10/1/98,1/1/99
72232,Naraig,Veldwijk,1/10/65,Senior Engineer,7/10/89,1/1/99
72640,Honglan,Hutton,1/24/65,Senior Engineer,10/4/93,1/1/99
72918,Takahira,Szilard,1/22/65,Senior Staff,1/16/88,1/1/99
73076,Froduald,Feldhoffer,1/22/65,Senior Engineer,3/16/93,1/1/99
73233,Shigeo,Merey,1/15/65,Senior Engineer,7/30/85,1/1/99
73516,Qingxiang,Badache,1/14/65,Senior Engineer,6/25/89,1/1/99
73743,Anneke,Bernardeschi,1/15/65,Engineer,11/1/99,1/1/99
74200,Holgard,Weiland,1/16/65,Senior Engineer,9/24/91,1/1/99
74344,Hiroyasu,Provine,2/1/65,Engineer,11/25/94,1/1/99
74668,Masako,Bonifati,1/1/65,Senior Staff,4/9/87,1/1/99
74800,Yuuichi,Conde,1/25/65,Senior Engineer,3/8/89,1/1/99
75354,Shuky,Jakobus,1/11/65,Senior Engineer,6/16/86,1/1/99
75703,Kyoichi,Erman,1/8/65,Senior Engineer,7/25/96,1/1/99
76189,Kolar,Hinsberger,1/2/65,Senior Engineer,10/20/86,1/1/99
76201,Arif,Preusig,1/10/65,Senior Engineer,4/2/92,1/1/99
76640,Tristan,Mitsuhashi,1/2/65,Senior Engineer,7/13/94,1/1/99
77030,Faiza,Garnham,1/2/65,Technique Leader,3/2/86,1/1/99
77303,Xinglin,Birge,1/18/65,Senior Staff,3/5/92,1/1/99
77647,Niranjan,Schaaf,1/7/65,Technique Leader,11/5/89,1/1/99
77815,Ronghao,Picaronny,1/21/65,Engineer,6/9/93,1/1/99
78106,Ashish,Ratnaker,1/9/65,Senior Staff,11/10/86,1/1/99
78363,Susumu,Fritzsche,1/3/65,Engineer,6/23/98,1/1/99
78469,Leucio,Cappelli,1/28/65,Staff,8/22/97,1/1/99
78871,Conor,Ghandeharizadeh,1/15/65,Senior Engineer,5/25/85,1/1/99
79043,Katsuo,Hockney,1/24/65,Technique Leader,11/7/99,1/1/99
79171,Guiseppe,Ellozy,1/19/65,Senior Engineer,1/12/91,1/1/99
79310,Jeong,Cunliffe,1/24/65,Senior Staff,10/27/96,1/1/99
79606,Arnd,Peir,1/3/65,Senior Engineer,12/11/86,1/1/99
79763,Sanjoy,Barreiro,1/20/65,Senior Staff,4/9/88,1/1/99
79895,Fei,Murtagh,1/30/65,Senior Staff,1/19/86,1/1/99
80067,Kazuhisa,Weiland,1/19/65,Senior Staff,11/9/85,1/1/99
80203,Shakhar,Baik,1/22/65,Staff,12/1/93,1/1/99
80432,Stella,Figueira,1/17/65,Senior Staff,3/14/90,1/1/99
80731,Shaowen,Eldridge,1/25/65,Senior Staff,12/5/87,1/1/99
80850,Koldo,Luit,2/1/65,Senior Engineer,4/16/95,1/1/99
80889,Shigeo,Linnainmaa,1/7/65,Senior Engineer,7/30/85,1/1/99
80948,Harjit,Bardell,1/27/65,Senior Engineer,5/24/91,1/1/99
81105,Jaewon,Boissier,1/14/65,Senior Engineer,5/24/92,1/1/99
81545,Larisa,Kornyak,1/13/65,Technique Leader,3/10/96,1/1/99
81644,Divine,Ghandeharizadeh,1/5/65,Staff,11/28/97,1/1/99
81995,Sreekrishna,Brender,1/10/65,Senior Engineer,3/22/90,1/1/99
82069,Yechezkel,Perfilyeva,1/20/65,Senior Engineer,11/3/94,1/1/99
82098,Poornachandra,Wilharm,1/25/65,Senior Engineer,4/20/91,1/1/99
82351,Stevo,Thambidurai,1/26/65,Senior Staff,10/27/89,1/1/99
82511,Uwe,Koblick,1/27/65,Engineer,4/4/98,1/1/99
82919,Shigeu,Claffy,1/5/65,Engineer,2/3/98,1/1/99
82928,Alselm,Rikino,1/27/65,Senior Engineer,11/16/90,1/1/99
83280,Francesca,Ellozy,1/7/65,Senior Engineer,8/8/99,1/1/99
83289,Shigeichiro,Engelmann,1/9/65,Senior Engineer,1/9/94,1/1/99
83509,Breannda,Collavizza,1/4/65,Senior Engineer,10/12/89,1/1/99
83544,Leaf,Baak,1/18/65,Senior Staff,9/5/94,1/1/99
83714,Ohad,Kilgore,1/27/65,Senior Engineer,7/1/90,1/1/99
83805,Manohar,Harllee,1/23/65,Senior Engineer,3/11/87,1/1/99
83941,Zsolt,Hagimont,1/11/65,Senior Staff,10/8/96,1/1/99
84029,Babette,Eugenio,1/27/65,Staff,9/21/97,1/1/99
84179,Shuichi,Nanard,1/25/65,Senior Engineer,3/14/89,1/1/99
84236,Eberhardt,Barriga,1/18/65,Senior Staff,6/4/87,1/1/99
84315,Kristina,Baumann,1/23/65,Assistant Engineer,9/26/96,1/1/99
84451,Shiv,Aumann,1/20/65,Senior Engineer,6/14/98,1/1/99
84508,Tommaso,Vidya,1/17/65,Engineer,5/2/98,1/1/99
84840,Sverrir,Neimat,1/14/65,Staff,11/3/96,1/1/99
84922,Parke,Unno,1/22/65,Engineer,7/1/96,1/1/99
84942,Shin,Fujisaki,1/15/65,Technique Leader,2/23/88,1/1/99
85216,Ferdinand,Rosiles,1/18/65,Senior Staff,7/8/97,1/1/99
85288,Younwoo,Luders,1/6/65,Senior Engineer,3/31/95,1/1/99
85414,Chiradeep,Callaway,1/14/65,Staff,7/30/99,1/1/99
85445,Yongdong,Pollock,1/9/65,Staff,3/17/98,1/1/99
85702,Udi,Merks,1/4/65,Engineer,8/15/97,1/1/99
85874,Pasqua,Taubman,1/30/65,Senior Staff,6/23/86,1/1/99
86213,Kristine,Clemencon,1/28/65,Senior Staff,4/22/90,1/1/99
86354,Ronghao,Segond,1/27/65,Senior Engineer,9/13/93,1/1/99
86422,Jaewon,Thummel,2/1/65,Senior Staff,9/14/85,1/1/99
86546,Oldrich,Woycyznski,1/9/65,Senior Engineer,5/15/85,1/1/99
86655,Zhenhua,Lorys,1/1/65,Engineer,8/21/95,1/1/99
86672,JoAnne,Anido,1/15/65,Staff,9/15/95,1/1/99
87129,Keung,Neiman,1/16/65,Staff,4/13/97,1/1/99
87353,Quingbo,Coombs,1/7/65,Senior Engineer,1/17/99,1/1/99
87714,Khun,Janetzko,1/16/65,Engineer,9/13/89,1/1/99
87729,Yongmin,Roccetti,1/24/65,Senior Staff,12/10/86,1/1/99
87783,Conor,Thorensen,1/26/65,Senior Engineer,2/24/88,1/1/99
88103,Goo,Bresenham,1/9/65,Senior Staff,1/31/99,1/1/99
88411,Lena,Cannane,1/31/65,Engineer,1/28/00,1/1/99
88422,Jungsoon,Birsak,1/28/65,Technique Leader,4/3/85,1/1/99
88647,Vasiliy,Ratnaker,1/10/65,Engineer,8/9/95,1/1/99
88958,Vojin,Coombs,1/22/65,Senior Staff,7/23/95,1/1/99
88965,Mang,Hedayat,1/20/65,Engineer,5/22/95,1/1/99
89048,Otmar,Birjandi,1/24/65,Senior Engineer,3/23/85,1/1/99
89090,Tetsushi,Theuretzbacher,1/26/65,Senior Staff,2/1/90,1/1/99
89161,Conal,Yetto,1/7/65,Senior Staff,1/12/91,1/1/99
89207,Along,Erol,1/15/65,Senior Staff,10/16/92,1/1/99
89346,Mansur,Comyn,1/13/65,Engineer,8/31/99,1/1/99
89590,Guther,Rothenberg,1/27/65,Senior Staff,8/8/91,1/1/99
89664,Pranjal,Rossi,1/20/65,Staff,7/7/98,1/1/99
89680,Aiman,Mawatari,1/27/65,Senior Engineer,5/1/88,1/1/99
89806,Xiadong,Shinomoto,1/27/65,Senior Engineer,5/24/97,1/1/99
89922,Alexius,Ibel,1/26/65,Senior Engineer,4/24/88,1/1/99
89941,Arnould,Weedman,1/23/65,Senior Staff,7/28/89,1/1/99
90077,Vivian,Guerreiro,1/24/65,Engineer,7/8/91,1/1/99
90084,Renny,Bale,1/1/65,Senior Engineer,11/22/89,1/1/99
90211,Bader,Denis,1/15/65,Engineer,10/6/97,1/1/99
90292,Koichi,Assaf,1/9/65,Senior Engineer,5/26/90,1/1/99
90518,Fumiko,Chepyzhov,1/24/65,Senior Staff,1/28/88,1/1/99
90614,Yonghoan,Trogemann,1/29/65,Engineer,9/23/88,1/1/99
90692,Rajmohan,DasSarma,1/3/65,Senior Staff,9/14/85,1/1/99
91172,Kazuhisa,Melter,1/19/65,Senior Staff,7/16/87,1/1/99
91182,Lucien,Schwartzburd,1/4/65,Senior Engineer,8/25/88,1/1/99
91229,Yahiko,Hebden,1/1/65,Senior Engineer,10/3/96,1/1/99
91256,Gunilla,Milicic,1/13/65,Staff,1/9/98,1/1/99
91333,Lobel,Stafford,1/27/65,Staff,11/29/98,1/1/99
91415,Jamaludin,Nilsson,1/4/65,Senior Staff,1/15/87,1/1/99
91648,Dmitry,Msuda,1/29/65,Senior Staff,10/22/88,1/1/99
92438,Aria,Kilgore,1/4/65,Senior Engineer,2/27/89,1/1/99
92454,Visit,McFarlan,1/24/65,Senior Engineer,10/22/87,1/1/99
92577,Zhanqiu,Farrow,1/6/65,Assistant Engineer,1/10/99,1/1/99
92598,Ranga,Merro,1/18/65,Assistant Engineer,5/11/96,1/1/99
92685,Mang,Atchley,1/26/65,Senior Staff,6/7/95,1/1/99
92841,Claude,Candan,1/22/65,Senior Staff,8/4/93,1/1/99
92846,Anyuan,Kropatsch,1/11/65,Senior Staff,9/5/86,1/1/99
92920,Huei,Hutter,1/20/65,Senior Engineer,1/28/93,1/1/99
93040,Jaques,Kabayashi,1/19/65,Senior Engineer,3/13/92,1/1/99
93220,Richara,Walston,1/11/65,Senior Engineer,8/27/96,1/1/99
93278,Magdalena,Penn,2/1/65,Senior Engineer,1/4/97,1/1/99
93549,Arie,Coullard,2/1/65,Senior Staff,4/15/91,1/1/99
93600,Kristina,Neimat,1/13/65,Technique Leader,4/18/88,1/1/99
94331,Ramzi,Cronau,1/26/65,Technique Leader,9/3/99,1/1/99
94416,Aran,Cesareni,1/1/65,Senior Staff,2/10/90,1/1/99
94761,Hitofumi,Zaccaria,1/27/65,Senior Engineer,11/22/88,1/1/99
94944,Heping,Matheson,1/13/65,Senior Engineer,6/24/88,1/1/99
95181,Yishai,Cappelli,1/28/65,Staff,1/30/97,1/1/99
95286,Kristin,Guerreiro,1/18/65,Senior Engineer,8/23/89,1/1/99
95314,Rasiah,Koblick,1/22/65,Senior Staff,8/21/91,1/1/99
95406,Alair,Lyonns,1/8/65,Engineer,7/12/97,1/1/99
95416,Gianluca,Ramaiah,1/13/65,Engineer,11/29/93,1/1/99
95509,Kristinn,Loncour,1/11/65,Engineer,2/8/95,1/1/99
95920,Nobuyoshi,Hegner,1/19/65,Senior Staff,9/7/94,1/1/99
96571,Kokou,Garrabrants,1/13/65,Senior Engineer,11/5/97,1/1/99
96579,Mohan,Tasistro,1/18/65,Engineer,2/10/96,1/1/99
96767,Arumugam,Vecchio,1/7/65,Senior Engineer,8/14/85,1/1/99
97018,Jeanna,Chinen,1/9/65,Senior Engineer,1/1/89,1/1/99
97623,Haldon,Janetzko,1/25/65,Senior Staff,9/11/90,1/1/99
97661,Avishai,Hegner,1/31/65,Senior Staff,5/8/93,1/1/99
98288,Sumali,Huttel,1/12/65,Senior Staff,9/12/89,1/1/99
98306,Ziya,Kadhim,1/16/65,Senior Engineer,11/2/95,1/1/99
98639,Florina,Assaf,1/29/65,Staff,5/18/96,1/1/99
99057,Shugo,Reeken,1/30/65,Staff,6/21/99,1/1/99
99373,Xiaobin,Christianini,1/13/65,Senior Staff,12/25/85,1/1/99
99377,Carrsten,Francisci,1/18/65,Senior Engineer,6/16/91,1/1/99
99590,Dhritiman,Anily,1/24/65,Staff,12/16/98,1/1/99
99654,Mahendra,Motley,1/30/65,Senior Staff,9/28/85,1/1/99
100865,Hisao,Peral,1/19/65,Senior Engineer,10/3/90,1/1/99
100916,Heejo,Aamodt,1/18/65,Senior Engineer,4/22/92,1/1/99
101487,Abdelaziz,Sury,1/14/65,Senior Staff,1/31/91,1/1/99
101647,Mori,Homond,1/22/65,Senior Staff,5/10/94,1/1/99
101902,Mantis,Millington,1/14/65,Senior Staff,3/18/91,1/1/99
102620,Adin,Templeman,1/3/65,Engineer,12/10/97,1/1/99
103196,Djenana,Albarhamtoshy,1/16/65,Senior Staff,7/16/88,1/1/99
103310,Visit,Swen,1/7/65,Senior Staff,10/2/95,1/1/99
103316,Susanne,Peternell,1/3/65,Senior Engineer,7/27/94,1/1/99
103342,Beshir,Hellwagner,1/3/65,Engineer,2/3/98,1/1/99
103756,Heping,Halloran,1/31/65,Engineer,4/8/92,1/1/99
104133,Pranjal,Zyda,1/31/65,Senior Staff,7/3/91,1/1/99
104845,Werner,Lodder,1/29/65,Senior Staff,6/17/92,1/1/99
104988,Parviz,Litzler,1/7/65,Senior Engineer,8/8/92,1/1/99
105342,Kwun,Reeker,1/1/65,Technique Leader,7/29/99,1/1/99
105356,Diederik,Matzov,1/29/65,Senior Engineer,5/12/88,1/1/99
105432,Mohamadou,Stafford,1/8/65,Senior Engineer,9/12/95,1/1/99
105520,Haldun,Lienhardt,1/1/65,Senior Staff,1/29/87,1/1/99
105731,Sachem,Cromarty,1/15/65,Engineer,8/20/90,1/1/99
106096,Naftali,Schurmann,1/14/65,Senior Engineer,12/2/92,1/1/99
106242,Nevio,Thisen,2/1/65,Senior Staff,3/25/88,1/1/99
106695,Lijie,Garrabrants,1/31/65,Senior Staff,10/2/85,1/1/99
106710,Babette,Anandan,1/31/65,Senior Staff,11/22/86,1/1/99
107486,Siamak,Luiz,1/23/65,Senior Engineer,2/11/87,1/1/99
107737,Fabrizio,Chleq,1/23/65,Senior Engineer,7/31/99,1/1/99
107792,Shahab,Crooks,1/13/65,Senior Staff,3/18/92,1/1/99
107828,Ramya,Walston,1/26/65,Senior Staff,2/3/89,1/1/99
108091,Hisao,Ghemri,1/9/65,Senior Staff,11/14/85,1/1/99
108198,Randi,Samarati,1/24/65,Senior Staff,10/20/92,1/1/99
108316,Shai,Stellhorn,1/2/65,Senior Engineer,5/21/92,1/1/99
108988,Oksana,Baek,1/19/65,Senior Staff,7/20/89,1/1/99
109062,Jamaludin,Kandlur,2/1/65,Senior Engineer,6/19/92,1/1/99
109211,Gor,Delgrande,1/11/65,Senior Engineer,11/7/95,1/1/99
109252,Moty,Winter,1/15/65,Technique Leader,4/28/91,1/1/99
109278,Bangqing,Schach,1/21/65,Senior Staff,3/22/88,1/1/99
109552,Menkae,Etalle,1/31/65,Engineer,5/21/97,1/1/99
109598,Stamatina,Auyong,2/1/65,Senior Staff,7/5/88,1/1/99
109620,Mani,Cannata,1/2/65,Senior Staff,6/21/89,1/1/99
109703,Arco,Walston,1/17/65,Engineer,8/16/99,1/1/99
109741,Hatem,Fadgyas,1/11/65,Senior Engineer,11/13/91,1/1/99
109953,Godehard,Chorvat,1/26/65,Senior Staff,4/10/88,1/1/99
200267,Chuanti,Luff,1/8/65,Senior Staff,9/21/94,1/1/99
200312,Akemi,Fujisaki,1/27/65,Senior Engineer,6/25/98,1/1/99
200363,Kirk,Quaggetto,1/10/65,Senior Engineer,6/30/87,1/1/99
200735,Dinah,Denos,1/9/65,Senior Staff,9/21/92,1/1/99
200789,Susumu,Camurati,1/14/65,Senior Staff,12/15/91,1/1/99
201229,Alejandra,Khasidashvili,1/3/65,Staff,7/30/94,1/1/99
201708,Anneli,Perl,1/15/65,Senior Staff,9/8/92,1/1/99
201709,Fan,Kakkad,1/1/65,Senior Staff,2/25/88,1/1/99
201739,Genta,Terekhov,1/16/65,Assistant Engineer,7/21/98,1/1/99
201801,Waiman,Genin,1/12/65,Senior Engineer,10/30/88,1/1/99
201915,Sudharsan,DeMori,1/2/65,Senior Engineer,3/30/92,1/1/99
202291,Ortrun,Schmiedel,1/16/65,Engineer,7/18/97,1/1/99
202403,Gully,Perko,1/9/65,Engineer,7/7/99,1/1/99
202414,Zvonko,Murthy,1/13/65,Senior Staff,1/7/92,1/1/99
202552,Morris,Saoudi,1/5/65,Senior Engineer,11/22/91,1/1/99
202826,Kerhong,Matzke,1/19/65,Senior Engineer,11/14/86,1/1/99
202882,Isaac,Koshino,1/25/65,Senior Engineer,9/28/95,1/1/99
202950,Giordano,Pietrzykowski,1/17/65,Senior Staff,3/26/87,1/1/99
203474,Hugh,Jonsson,1/3/65,Senior Staff,7/6/91,1/1/99
203495,Zongyan,Gips,1/2/65,Technique Leader,5/31/97,1/1/99
203599,Ewing,DiGiano,1/21/65,Technique Leader,2/1/00,1/1/99
203720,Sasan,Thimonier,1/30/65,Senior Staff,8/21/96,1/1/99
203946,Yefim,Marwedel,1/23/65,Senior Staff,3/30/93,1/1/99
204117,Jessie,Nooteboom,1/10/65,Staff,8/13/99,1/1/99
204133,Susuma,Bergere,1/22/65,Senior Staff,2/25/96,1/1/99
204246,Arve,Worfolk,1/9/65,Senior Staff,4/1/85,1/1/99
204425,Gretta,Huttel,1/3/65,Senior Engineer,10/8/90,1/1/99
204470,Hein,Lichtner,1/22/65,Senior Staff,4/3/95,1/1/99
204471,Franziska,Maginnis,1/27/65,Senior Engineer,2/17/86,1/1/99
204764,Susanne,Mandelberg,1/22/65,Senior Engineer,11/2/90,1/1/99
205018,Yahiko,Awdeh,1/26/65,Engineer,8/5/98,1/1/99
205085,Moni,Kornyak,1/23/65,Technique Leader,9/26/91,1/1/99
205174,Leszek,Spinelli,1/5/65,Staff,12/10/98,1/1/99
205500,Mary,Setiz,1/4/65,Senior Engineer,1/13/89,1/1/99
205627,Stabislas,Broder,1/21/65,Senior Engineer,7/16/96,1/1/99
205660,Kien,Barreiro,1/27/65,Staff,8/25/97,1/1/99
205699,Youjian,Yetto,1/31/65,Senior Staff,12/7/94,1/1/99
205789,Limsoon,Skafidas,1/31/65,Senior Staff,8/10/99,1/1/99
205863,Aiichiro,Kusalik,1/6/65,Senior Engineer,10/4/90,1/1/99
206748,Yucai,Fabrizio,1/7/65,Staff,10/6/99,1/1/99
206836,Guadalupe,Pfau,1/12/65,Senior Staff,3/22/93,1/1/99
206966,Tzu,Sichman,1/21/65,Senior Engineer,11/17/87,1/1/99
207021,Jacqueline,Akaboshi,1/20/65,Engineer,12/6/97,1/1/99
207068,Zhiguo,Ariola,1/13/65,Senior Staff,9/7/94,1/1/99
207204,Kellie,Schrooten,1/25/65,Engineer,1/17/91,1/1/99
207401,Shuji,Barbanera,1/4/65,Senior Staff,8/10/87,1/1/99
207551,Baziley,Falck,1/15/65,Assistant Engineer,2/18/95,1/1/99
207779,Chinya,Kamble,1/16/65,Senior Staff,5/31/92,1/1/99
207980,Remko,Vieth,1/7/65,Senior Staff,11/22/90,1/1/99
208147,Manu,Rothenberg,1/9/65,Senior Engineer,12/6/88,1/1/99
208330,Shen,Flanders,1/11/65,Senior Staff,7/3/89,1/1/99
208639,Larisa,Lukaszewicz,1/27/65,Senior Staff,10/10/89,1/1/99
208653,Phillip,Schade,1/23/65,Senior Engineer,3/3/89,1/1/99
208784,Pranjal,Juneja,1/30/65,Senior Engineer,3/21/85,1/1/99
209101,Xinyu,Edelhoff,1/5/65,Senior Engineer,10/26/97,1/1/99
209443,Krassimir,Garnier,1/19/65,Senior Staff,1/26/98,1/1/99
209565,Dante,Covnot,1/9/65,Senior Staff,5/28/89,1/1/99
209712,Nimmagadda,Baak,1/17/65,Engineer,10/30/87,1/1/99
210017,Shalesh,Lovengreen,1/28/65,Senior Staff,9/29/90,1/1/99
210292,Lihong,Zeilberger,1/18/65,Staff,4/28/96,1/1/99
210449,Gino,Lagarias,1/19/65,Engineer,6/22/97,1/1/99
210752,Saniya,Stenning,1/25/65,Senior Staff,12/10/86,1/1/99
210786,Werner,Ranze,1/31/65,Staff,6/5/98,1/1/99
211858,Domenico,Ratnaker,1/8/65,Senior Engineer,3/24/85,1/1/99
211879,Gao,Ranze,1/12/65,Senior Engineer,11/24/94,1/1/99
211967,Anwar,Bain,1/7/65,Senior Engineer,1/22/89,1/1/99
212093,Leni,Henders,1/11/65,Senior Staff,11/19/93,1/1/99
212154,Sailaja,Holburn,1/17/65,Senior Staff,3/4/91,1/1/99
212361,Claudi,Stanfel,1/16/65,Senior Engineer,1/7/96,1/1/99
213016,Yongmao,Fontan,1/22/65,Senior Engineer,7/26/93,1/1/99
213140,Tru,Danecki,1/10/65,Staff,3/31/97,1/1/99
213384,Pranas,Narwekar,1/4/65,Senior Engineer,9/26/85,1/1/99
213447,Armond,Perly,2/1/65,Senior Engineer,9/14/89,1/1/99
214215,Xiaoqiang,Cardazo,1/25/65,Senior Staff,5/28/93,1/1/99
214391,Rayond,Klassen,1/15/65,Senior Staff,9/11/93,1/1/99
214427,Peer,Molberg,1/29/65,Engineer,11/17/96,1/1/99
214539,Ingmar,Kohling,1/27/65,Engineer,4/25/95,1/1/99
214634,Shirish,Vickson,1/12/65,Senior Engineer,10/24/89,1/1/99
214789,Arfst,Chepyzhov,1/28/65,Senior Engineer,2/6/89,1/1/99
214866,Gopalakrishnan,Angel,2/1/65,Senior Engineer,7/5/97,1/1/99
214995,Dinkar,Hoppenstand,1/12/65,Engineer,5/4/94,1/1/99
215419,Flemming,Kroha,1/16/65,Staff,1/23/95,1/1/99
215629,Munehiro,Manders,1/15/65,Senior Staff,5/18/87,1/1/99
215746,Sven,Speer,1/8/65,Staff,7/8/99,1/1/99
215843,Pramod,Loncour,1/30/65,Senior Staff,3/31/87,1/1/99
216054,Sahrah,Angiulli,1/24/65,Senior Staff,7/31/86,1/1/99
216342,Aiichiro,Cromarty,1/22/65,Senior Engineer,6/10/95,1/1/99
216375,Byong,Gustavson,1/16/65,Senior Engineer,3/12/85,1/1/99
216502,Xiaocheng,Suermann,1/26/65,Engineer,12/15/97,1/1/99
216573,Ashish,Vidya,1/29/65,Senior Engineer,6/16/89,1/1/99
216921,Lena,Lenart,1/22/65,Senior Staff,12/25/90,1/1/99
217026,Otmar,Engberts,1/11/65,Senior Staff,8/16/93,1/1/99
217080,Masami,Puoti,1/12/65,Senior Engineer,1/21/00,1/1/99
217272,Yuchang,Eldridge,1/21/65,Senior Staff,8/1/86,1/1/99
217286,Yannik,Spelt,1/5/65,Technique Leader,9/22/92,1/1/99
217320,Abdelwaheb,Denis,1/10/65,Engineer,9/10/93,1/1/99
217363,Horward,Marzano,1/14/65,Staff,4/11/96,1/1/99
217387,Jianhao,Molenaar,1/21/65,Senior Engineer,10/22/87,1/1/99
217551,Panayotis,Lukaszewicz,1/2/65,Senior Engineer,6/6/89,1/1/99
217800,Shay,Servieres,2/1/65,Senior Staff,8/6/98,1/1/99
218022,Mokhtar,Poupard,1/26/65,Technique Leader,2/2/92,1/1/99
218100,Jiong,Garnham,1/24/65,Senior Staff,1/2/90,1/1/99
218831,Unal,DuBourdieux,1/16/65,Engineer,3/13/96,1/1/99
219035,Kristine,Bierman,1/18/65,Technique Leader,5/13/88,1/1/99
219047,Aemilian,Kusalik,1/30/65,Senior Engineer,5/27/87,1/1/99
219052,Marsal,Acton,1/6/65,Staff,8/2/95,1/1/99
219417,Subhrajyoti,Denna,1/29/65,Staff,7/25/96,1/1/99
219497,Moie,Zastre,1/22/65,Technique Leader,10/11/91,1/1/99
219967,Susanna,Reeken,1/16/65,Senior Staff,3/16/98,1/1/99
220029,Demos,Asser,1/17/65,Senior Engineer,11/4/85,1/1/99
220131,Reinhard,Slaats,1/9/65,Senior Engineer,6/8/94,1/1/99
220418,Poorav,Laventhal,1/23/65,Staff,8/16/97,1/1/99
220528,Sibyl,Rabehasaina,1/6/65,Senior Staff,2/23/98,1/1/99
220582,Poornachandra,Zielinski,1/8/65,Senior Staff,2/13/96,1/1/99
220611,Yuping,Babb,1/23/65,Senior Staff,1/31/95,1/1/99
220625,Shigenori,Deville,1/25/65,Technique Leader,12/24/92,1/1/99
220699,Nahid,Gyimothy,1/7/65,Staff,8/18/95,1/1/99
220799,Perla,Orlowska,1/17/65,Senior Engineer,12/3/90,1/1/99
221126,Tesuya,dAstous,1/23/65,Senior Engineer,11/29/88,1/1/99
221367,Saddek,Farris,1/13/65,Senior Staff,11/6/90,1/1/99
221369,Abdulah,Pocchiola,1/28/65,Engineer,8/28/96,1/1/99
221435,Djenana,Marrevee,1/6/65,Senior Engineer,2/6/94,1/1/99
221973,Sangeeta,Kalefeld,1/17/65,Senior Staff,6/6/90,1/1/99
222206,Stein,Uludag,1/21/65,Senior Staff,1/30/88,1/1/99
222311,Miyeon,Billingsley,1/20/65,Senior Engineer,12/5/92,1/1/99
222319,Matt,Chvatal,1/20/65,Senior Engineer,11/9/94,1/1/99
222354,Valdiodio,Schlumberger,1/15/65,Engineer,8/7/93,1/1/99
222616,Badri,Schapire,2/1/65,Assistant Engineer,1/19/98,1/1/99
222770,Kazuhiko,Kushner,1/22/65,Senior Engineer,8/1/95,1/1/99
222878,Annemarie,Zallocco,1/10/65,Senior Engineer,5/28/90,1/1/99
222926,Limsoon,Erol,1/10/65,Senior Engineer,12/31/97,1/1/99
222952,Gopalakrishnan,Suermann,1/28/65,Senior Engineer,4/30/91,1/1/99
222998,Leaf,Awdeh,1/7/65,Senior Staff,2/20/85,1/1/99
223593,Hidefumi,Moehrke,1/20/65,Staff,3/4/98,1/1/99
223595,Chiranjit,Dredge,2/1/65,Technique Leader,9/5/99,1/1/99
224135,Annemarie,Bressoud,1/2/65,Engineer,6/23/98,1/1/99
224335,Perry,Chachaty,1/29/65,Senior Engineer,7/22/85,1/1/99
224390,TRUE,Shobatake,1/24/65,Senior Staff,5/17/96,1/1/99
224934,George,Miake,1/5/65,Senior Staff,1/2/88,1/1/99
225438,Remmert,Quaggetto,1/14/65,Senior Staff,4/28/92,1/1/99
225601,Masasuke,Genin,1/13/65,Engineer,6/25/94,1/1/99
225788,Ipke,Kieras,1/8/65,Engineer,12/18/95,1/1/99
225867,Ramalingam,Remmele,1/26/65,Senior Engineer,9/3/99,1/1/99
225964,Mooi,Cooman,1/19/65,Senior Engineer,6/7/89,1/1/99
226216,Giordano,Gini,1/28/65,Technique Leader,8/14/93,1/1/99
226227,Herbert,Erva,1/7/65,Senior Engineer,9/6/86,1/1/99
227354,Gio,Murtha,1/12/65,Senior Engineer,11/11/86,1/1/99
227476,Macha,Schnabel,1/11/65,Senior Engineer,5/11/88,1/1/99
227681,Mikhail,Rousseau,1/30/65,Staff,11/30/98,1/1/99
227899,Garnik,Luce,1/23/65,Staff,9/15/98,1/1/99
227901,Francesca,Azuma,1/26/65,Senior Staff,6/8/96,1/1/99
228098,IEEE,Kroll,1/18/65,Engineer,5/10/97,1/1/99
228248,Yuriy,Plump,1/9/65,Senior Staff,9/8/88,1/1/99
228554,Bilhanan,Brendel,1/3/65,Senior Staff,12/23/90,1/1/99
228766,Nahla,Smailagic,1/11/65,Senior Engineer,11/22/91,1/1/99
229098,Berry,Yurek,1/8/65,Senior Staff,8/16/95,1/1/99
229220,Fabrizio,Lichtman,1/21/65,Senior Engineer,2/9/87,1/1/99
229248,Harjit,Terekhov,1/27/65,Staff,10/19/95,1/1/99
229386,Pohua,Tasistro,1/3/65,Technique Leader,6/2/89,1/1/99
229391,Paloma,Henseler,1/15/65,Senior Engineer,6/11/91,1/1/99
229404,Gilbert,Kilgour,1/11/65,Staff,4/5/96,1/1/99
229547,Moni,Schach,1/3/65,Senior Staff,7/4/86,1/1/99
229727,Ewing,Millington,1/23/65,Engineer,9/28/99,1/1/99
229981,Jamaludin,Fordan,1/19/65,Senior Engineer,2/6/92,1/1/99
230002,Tadahiro,Backhouse,1/7/65,Senior Engineer,10/2/91,1/1/99
230126,Bezalel,Radivojevic,1/31/65,Senior Staff,7/2/88,1/1/99
230287,Renny,Alameldin,1/14/65,Assistant Engineer,9/28/97,1/1/99
230354,Yinghua,Lorho,1/31/65,Senior Staff,8/9/91,1/1/99
230498,Kolar,Puppo,1/15/65,Senior Engineer,4/25/90,1/1/99
230579,Shahar,Negoita,1/17/65,Senior Staff,3/19/94,1/1/99
230689,Dietrich,Crabtree,1/14/65,Senior Staff,5/24/86,1/1/99
230865,Takushi,Brattka,1/2/65,Staff,3/9/99,1/1/99
231069,Trygve,Siksek,1/22/65,Staff,11/9/95,1/1/99
231459,Nectarios,Pramanik,1/28/65,Assistant Engineer,11/18/99,1/1/99
231671,Chandrasekaran,Pearson,1/7/65,Staff,4/14/95,1/1/99
231798,Goetz,Alvarado,1/28/65,Senior Engineer,12/25/88,1/1/99
232178,Etsuo,Anandan,1/29/65,Senior Staff,12/13/89,1/1/99
232209,Nitsan,Rouquie,1/11/65,Senior Engineer,8/1/88,1/1/99
232697,Barry,Ramsak,1/23/65,Senior Engineer,9/7/90,1/1/99
232723,Tesuya,Bugrara,1/14/65,Engineer,2/13/93,1/1/99
233114,Alselm,Gargeya,1/20/65,Senior Engineer,12/25/87,1/1/99
233394,Khalid,Lenart,1/6/65,Engineer,12/24/95,1/1/99
233397,Fay,Sundgren,1/16/65,Senior Staff,7/7/90,1/1/99
233426,Etsuo,Usery,1/12/65,Senior Engineer,3/2/95,1/1/99
233690,Cedric,Riefers,1/17/65,Engineer,9/8/94,1/1/99
233759,Zissis,Lodder,1/14/65,Engineer,9/25/99,1/1/99
233765,Kotesh,Chachaty,1/20/65,Senior Engineer,3/25/91,1/1/99
233785,Baziley,Ballarin,1/30/65,Senior Staff,7/28/87,1/1/99
233818,Kellie,Heydon,1/1/65,Senior Engineer,11/11/85,1/1/99
234195,Luerbio,Terkki,1/7/65,Senior Staff,5/14/91,1/1/99
234739,Foong,Aamodt,1/31/65,Senior Engineer,6/28/86,1/1/99
235017,Irena,Dratva,1/17/65,Senior Staff,9/7/91,1/1/99
235096,Sverrir,Gyimothy,1/21/65,Senior Staff,3/21/87,1/1/99
235325,Gro,Prochazka,1/6/65,Senior Engineer,10/16/92,1/1/99
235368,Anneli,Joslin,1/9/65,Senior Engineer,4/12/87,1/1/99
235458,Gio,Heuser,1/5/65,Senior Staff,6/28/92,1/1/99
235729,Henk,Anger,2/1/65,Senior Staff,1/19/93,1/1/99
235780,Sampalli,Bergere,1/17/65,Senior Engineer,4/8/94,1/1/99
235793,Jayesh,Spinelli,1/3/65,Senior Engineer,7/18/92,1/1/99
236315,IEEE,Raczkowsky,1/31/65,Technique Leader,7/24/96,1/1/99
236566,Yechezkel,Maginnis,1/17/65,Senior Staff,12/11/92,1/1/99
236591,Insup,Reinhard,1/11/65,Senior Staff,4/8/85,1/1/99
236827,Almudena,Rijckaert,1/28/65,Senior Engineer,2/16/94,1/1/99
236883,Huan,Olivero,1/27/65,Staff,11/19/99,1/1/99
236964,Adel,Foote,1/17/65,Staff,8/19/98,1/1/99
238112,Miomir,Frezza,1/12/65,Technique Leader,5/25/91,1/1/99
238252,Uno,Suppi,1/9/65,Staff,12/27/96,1/1/99
238422,Vishv,Angelov,1/10/65,Senior Staff,3/8/88,1/1/99
238949,Minghong,Cronin,1/9/65,Senior Staff,10/4/87,1/1/99
239067,Tadahiko,Pocchiola,1/11/65,Staff,4/2/96,1/1/99
239244,Abdulla,Kitai,1/13/65,Senior Staff,2/20/87,1/1/99
239415,Susumu,Brender,1/1/65,Senior Engineer,4/17/93,1/1/99
239426,Vesna,Fairtlough,1/8/65,Engineer,8/9/94,1/1/99
239664,Sugwoo,Michaels,1/4/65,Senior Engineer,8/2/92,1/1/99
239706,Arunas,Bugrara,1/15/65,Assistant Engineer,4/3/97,1/1/99
239748,Bilhanan,Dusink,1/23/65,Senior Staff,6/4/88,1/1/99
239803,Oscal,Ernst,1/30/65,Senior Staff,5/19/92,1/1/99
240132,Mizuhito,Kobara,2/1/65,Senior Staff,8/9/96,1/1/99
240236,TRUE,Tischendorf,1/24/65,Senior Engineer,1/19/86,1/1/99
240285,Kolar,Greenaway,1/23/65,Staff,11/14/98,1/1/99
240340,Mack,Staylopatis,1/14/65,Senior Engineer,4/2/85,1/1/99
240438,Temple,Cyre,1/2/65,Senior Staff,9/30/92,1/1/99
240870,Francesca,Chorvat,1/6/65,Senior Staff,3/3/85,1/1/99
241100,Cedric,Molenaar,1/23/65,Senior Engineer,10/6/90,1/1/99
241254,Jagoda,Anguita,1/15/65,Senior Engineer,5/11/93,1/1/99
241292,Uri,Lampe,1/29/65,Senior Staff,10/17/87,1/1/99
241567,Emran,Miara,1/18/65,Senior Engineer,5/2/89,1/1/99
241667,Atilio,Olivero,1/28/65,Senior Engineer,9/4/85,1/1/99
241728,Limsoon,Boudaillier,1/30/65,Senior Engineer,8/12/95,1/1/99
241872,Bluma,Fetvedt,1/11/65,Senior Staff,2/3/92,1/1/99
242019,Herb,Murrill,1/9/65,Senior Engineer,9/27/99,1/1/99
242081,Tomokazu,Pargas,1/12/65,Engineer,11/15/96,1/1/99
242104,Richara,Sudkamp,1/5/65,Senior Staff,9/5/89,1/1/99
242500,Bingning,Iisaku,1/8/65,Senior Staff,6/26/89,1/1/99
242800,Kazuyasu,Levergood,1/11/65,Engineer,2/10/96,1/1/99
243018,Bowen,Deverell,1/2/65,Senior Staff,12/27/98,1/1/99
243077,Kazunori,Perz,2/1/65,Senior Engineer,2/25/99,1/1/99
243576,Abdulah,Lodder,1/4/65,Senior Staff,11/10/96,1/1/99
243637,Marjo,Delgrange,1/16/65,Senior Staff,6/24/90,1/1/99
243898,Arch,Basawa,1/9/65,Staff,5/10/98,1/1/99
244308,Mokhtar,Rebaine,1/10/65,Senior Staff,7/23/91,1/1/99
244605,Masoud,Suwa,1/22/65,Senior Staff,11/25/89,1/1/99
244624,Boaz,Seuren,1/31/65,Senior Staff,3/27/87,1/1/99
244711,Rosli,Butner,1/25/65,Engineer,3/20/91,1/1/99
244714,Poorav,Clouatre,1/27/65,Senior Engineer,5/6/96,1/1/99
244820,Shigenori,Hertweck,1/15/65,Senior Engineer,4/13/87,1/1/99
244873,Arunachalam,Oppitz,1/4/65,Senior Staff,5/20/86,1/1/99
245164,Filipp,Winter,1/23/65,Senior Engineer,10/24/96,1/1/99
245396,Gift,Bottner,1/31/65,Senior Staff,3/4/95,1/1/99
245664,Manohar,Kilgore,1/18/65,Staff,11/17/98,1/1/99
246146,Zhongwei,Melski,1/30/65,Senior Engineer,9/4/87,1/1/99
246244,George,Casperson,1/9/65,Staff,1/20/00,1/1/99
246364,Alper,Tiemann,1/6/65,Engineer,10/29/98,1/1/99
246764,Shuzo,Czaja,1/4/65,Staff,11/29/97,1/1/99
246798,Tianruo,Strooper,1/9/65,Senior Staff,10/28/93,1/1/99
246902,Shih,Shanbhogue,1/27/65,Staff,4/19/98,1/1/99
247089,Seongbae,Schahn,1/17/65,Senior Staff,12/10/92,1/1/99
247122,Xiaobin,Narlikar,1/23/65,Senior Staff,2/14/92,1/1/99
247447,Tzu,Bakhtari,1/28/65,Senior Engineer,3/18/94,1/1/99
247456,Masako,Bahk,1/16/65,Engineer,7/31/97,1/1/99
247612,Chiranjit,Constantine,1/4/65,Engineer,5/25/97,1/1/99
247875,Xiong,Anick,1/2/65,Senior Staff,4/23/91,1/1/99
247888,Abdelghani,Lagarias,1/15/65,Senior Engineer,9/6/85,1/1/99
248256,Sajjan,Falby,1/5/65,Staff,8/29/96,1/1/99
248351,Jaana,Milicia,2/1/65,Senior Staff,6/2/85,1/1/99
248758,Snehasis,Muhlberg,2/1/65,Senior Staff,7/16/91,1/1/99
248953,Percy,Sudbeck,1/29/65,Assistant Engineer,8/29/96,1/1/99
249239,Hideyuki,Decleir,1/21/65,Senior Engineer,5/4/94,1/1/99
249325,Ute,Pokrovskii,1/26/65,Staff,6/9/97,1/1/99
249433,Ayonca,Matzov,1/16/65,Senior Engineer,6/3/88,1/1/99
249504,Dmitry,Velardi,1/7/65,Senior Engineer,3/1/94,1/1/99
249780,Nechama,Gaughan,1/12/65,Senior Engineer,1/16/86,1/1/99
249799,Jolita,Neimat,1/4/65,Senior Engineer,12/27/93,1/1/99
249866,Steen,Gubsky,1/15/65,Senior Staff,1/14/89,1/1/99
249969,Georgi,Luiz,1/21/65,Senior Engineer,6/10/91,1/1/99
250411,Ranga,Sommen,1/27/65,Senior Staff,1/20/89,1/1/99
250452,Alexius,Plavsic,1/14/65,Senior Engineer,1/17/00,1/1/99
250748,Kish,Turnbull,1/27/65,Senior Engineer,2/10/87,1/1/99
251166,Hinrich,Hooghiemstra,1/22/65,Senior Staff,10/5/85,1/1/99
251233,Yucel,Bernini,1/7/65,Senior Engineer,2/19/93,1/1/99
251301,Pintsang,Impagliazzo,1/30/65,Senior Staff,5/6/89,1/1/99
251341,Divier,Kumaresan,1/11/65,Senior Staff,12/5/92,1/1/99
251403,Utpal,DuBourdieux,1/1/65,Technique Leader,11/19/97,1/1/99
251437,Shichao,Iwayama,1/20/65,Engineer,10/17/89,1/1/99
251645,Bezalel,Tsunoo,1/6/65,Senior Staff,6/17/92,1/1/99
251680,Moty,Sommen,1/5/65,Senior Engineer,8/14/90,1/1/99
251814,Mitsuyuki,Zockler,1/1/65,Technique Leader,9/14/98,1/1/99
252185,Chaosheng,Conta,1/1/65,Engineer,4/14/97,1/1/99
252316,Gill,Niizuma,1/7/65,Senior Engineer,10/8/94,1/1/99
252392,Sanjeeva,Peron,1/1/65,Senior Engineer,12/26/93,1/1/99
253029,Thodoros,Thimonier,1/13/65,Engineer,4/5/95,1/1/99
253707,Insup,Hainaut,1/5/65,Staff,2/11/98,1/1/99
253838,Stafford,Terlouw,1/28/65,Assistant Engineer,2/21/99,1/1/99
253893,Huiqun,Trystram,1/4/65,Senior Engineer,5/10/93,1/1/99
254044,Gunilla,Brendel,1/16/65,Senior Engineer,4/10/92,1/1/99
254399,Armond,Lores,1/24/65,Technique Leader,9/16/99,1/1/99
254821,Tonny,Couchot,1/24/65,Staff,12/12/94,1/1/99
255466,Huan,Roccetti,1/18/65,Senior Engineer,7/3/85,1/1/99
255657,Oldrich,Cyre,1/20/65,Senior Engineer,2/10/85,1/1/99
255779,Heejo,Merle,1/31/65,Technique Leader,9/4/97,1/1/99
256216,Halsur,Brodal,1/1/65,Engineer,11/22/97,1/1/99
256856,Hongzue,Barbanera,1/3/65,Senior Staff,6/17/87,1/1/99
256881,Ioana,Jakobus,1/3/65,Senior Engineer,8/10/90,1/1/99
256888,Heather,Pehl,1/3/65,Staff,9/15/93,1/1/99
257062,Stabislas,Pardalos,1/24/65,Senior Engineer,6/21/89,1/1/99
257378,Pascal,Bernatsky,1/6/65,Senior Staff,9/3/88,1/1/99
257469,Anyuan,Hanratty,1/22/65,Senior Staff,1/6/88,1/1/99
257484,Shaowei,Nicolson,1/1/65,Senior Staff,12/7/86,1/1/99
258028,Mountaz,Reinhart,1/7/65,Engineer,1/21/00,1/1/99
258124,Mariusz,Zolotykh,1/17/65,Senior Staff,7/28/90,1/1/99
258470,Weiwu,Butner,1/4/65,Staff,2/14/95,1/1/99
258643,Przemyslawa,Esposito,1/11/65,Senior Engineer,2/27/92,1/1/99
259042,Xiaoqiang,Farrow,1/12/65,Staff,1/1/97,1/1/99
259237,Palash,Gammage,1/27/65,Senior Staff,10/23/87,1/1/99
259273,Xiahua,Gomatam,1/22/65,Senior Engineer,12/1/89,1/1/99
259611,Shuichi,Marrakchi,1/27/65,Senior Staff,8/21/90,1/1/99
259619,Conal,Magliocco,1/21/65,Senior Staff,5/9/92,1/1/99
259718,Stepehn,Bouloucos,1/24/65,Senior Staff,9/17/91,1/1/99
260153,Mingdong,Baar,1/28/65,Technique Leader,10/14/91,1/1/99
260249,Vugranam,Beausoleil,1/22/65,Staff,5/14/98,1/1/99
260361,Reinhold,Rahier,1/25/65,Engineer,6/6/95,1/1/99
260399,Hatem,Birsak,1/30/65,Senior Staff,4/10/89,1/1/99
260408,Sasan,Brookner,1/19/65,Senior Staff,9/3/96,1/1/99
260501,Dzung,Pargas,1/14/65,Technique Leader,5/17/90,1/1/99
261184,Masako,Kornatzky,1/30/65,Senior Engineer,8/29/87,1/1/99
261631,Jianhua,Huttel,1/8/65,Engineer,2/23/98,1/1/99
261662,Berni,Assaf,1/11/65,Senior Staff,9/8/89,1/1/99
261737,Mark,Lindqvist,1/23/65,Senior Engineer,11/22/90,1/1/99
261986,Gila,Ramsak,1/21/65,Senior Engineer,5/13/97,1/1/99
261990,Volkmar,Czaja,1/16/65,Senior Staff,4/1/92,1/1/99
262208,Mrinalini,Holburn,1/16/65,Senior Staff,4/20/87,1/1/99
262210,Chinho,Bottner,1/22/65,Senior Engineer,7/29/85,1/1/99
262328,Mayuko,Vural,1/3/65,Staff,12/24/97,1/1/99
262439,Lorien,Lagarias,1/30/65,Senior Staff,10/10/85,1/1/99
262636,Tamiya,Reutenauer,1/4/65,Senior Engineer,6/2/85,1/1/99
262752,Pramod,Bierman,1/4/65,Engineer,12/12/97,1/1/99
262928,Piyush,Gill,1/1/65,Senior Engineer,8/31/90,1/1/99
263012,Hideo,Buchter,1/9/65,Staff,5/1/99,1/1/99
263186,Danny,Lowrie,1/22/65,Technique Leader,9/13/95,1/1/99
263370,Shakhar,Ranze,1/3/65,Staff,5/29/99,1/1/99
263439,Atreye,Kabayashi,1/9/65,Senior Engineer,12/15/86,1/1/99
263645,Mingsen,Lally,1/19/65,Senior Engineer,12/4/90,1/1/99
263649,Mechthild,Zongker,1/17/65,Senior Staff,7/26/93,1/1/99
263926,Fusako,Schwartzbauer,1/3/65,Senior Staff,4/7/85,1/1/99
264030,Zdislav,Solares,1/15/65,Engineer,12/14/90,1/1/99
264167,Baoqiu,Tomescu,1/25/65,Senior Engineer,5/1/96,1/1/99
264322,Leandro,Swist,1/3/65,Senior Staff,1/6/91,1/1/99
264626,Noritoshi,Bakhtari,1/13/65,Senior Staff,2/3/93,1/1/99
264939,Bogdan,Bahi,1/10/65,Senior Engineer,2/9/85,1/1/99
265039,Navid,Staudhammer,1/3/65,Senior Staff,10/18/92,1/1/99
265521,Kensei,Salverda,1/4/65,Senior Engineer,5/25/93,1/1/99
265558,Susuma,Kleiser,1/31/65,Senior Staff,8/2/87,1/1/99
265794,Miquel,Halloran,1/15/65,Senior Staff,1/14/94,1/1/99
265875,Fan,Marsiglia,1/20/65,Senior Engineer,9/3/89,1/1/99
266206,Zsolt,Anily,2/1/65,Senior Staff,8/19/85,1/1/99
266249,Sumant,Nishimukai,1/15/65,Senior Staff,3/28/91,1/1/99
266310,Zvonko,Serdy,1/23/65,Senior Staff,6/24/87,1/1/99
266644,Anwar,Gubsky,1/8/65,Senior Staff,8/9/93,1/1/99
266862,Mart,Plumb,1/10/65,Senior Staff,4/21/86,1/1/99
266881,Mokhtar,Sabnani,1/11/65,Senior Staff,8/28/90,1/1/99
267059,Moie,Tempesti,1/9/65,Senior Staff,6/29/91,1/1/99
267227,Susuma,Tagansky,1/10/65,Senior Engineer,1/22/95,1/1/99
267304,Jordanka,Axelband,1/6/65,Senior Staff,6/27/94,1/1/99
267667,Irena,Kaiserswerth,1/5/65,Senior Staff,9/5/87,1/1/99
268043,Narain,Mikschl,1/28/65,Engineer,11/2/97,1/1/99
268191,LiMin,Teitelbaum,1/7/65,Senior Engineer,11/1/90,1/1/99
269728,Naftali,Kragelund,1/12/65,Senior Staff,5/16/87,1/1/99
270084,Ulises,Frolund,1/11/65,Senior Staff,7/26/86,1/1/99
270716,Shunichi,Baer,1/19/65,Staff,2/4/98,1/1/99
270794,Dannz,Zhang,2/1/65,Senior Staff,6/26/91,1/1/99
271106,Taisook,Kampfer,1/10/65,Engineer,11/30/97,1/1/99
271219,Odoardo,Tyugu,1/16/65,Engineer,11/7/94,1/1/99
272141,Tsutomu,Neiman,1/13/65,Senior Staff,5/5/86,1/1/99
272285,Gully,Mitchem,1/19/65,Senior Staff,1/22/86,1/1/99
272316,Surveyors,Muhling,1/5/65,Engineer,7/19/99,1/1/99
272452,Mitsuyuki,Isard,1/10/65,Engineer,8/17/96,1/1/99
272599,Holgard,Hegner,1/16/65,Senior Staff,7/15/93,1/1/99
272860,Minghong,Candan,2/1/65,Assistant Engineer,2/10/94,1/1/99
273159,Divine,Hofmeyr,1/26/65,Technique Leader,4/14/89,1/1/99
273286,Brigham,Asmuth,1/26/65,Senior Engineer,1/23/89,1/1/99
273396,Wayne,Baba,1/10/65,Engineer,3/7/98,1/1/99
273806,Hongzhu,Beetstra,1/1/65,Senior Staff,1/24/91,1/1/99
273858,Gunilla,Matzen,1/13/65,Senior Staff,12/28/90,1/1/99
274071,Mingsen,Weiland,1/1/65,Staff,10/12/95,1/1/99
274271,Prodip,Ritcey,1/10/65,Senior Staff,9/10/86,1/1/99
274369,Ranga,Waymire,1/29/65,Senior Staff,1/27/97,1/1/99
274813,Yefim,Pettey,1/10/65,Senior Staff,8/7/93,1/1/99
275158,Satyanarayana,Brandsma,1/7/65,Engineer,12/8/99,1/1/99
275263,Vojin,Laventhal,1/21/65,Senior Engineer,10/18/91,1/1/99
275444,Limsoon,Leppanen,1/16/65,Senior Engineer,1/21/93,1/1/99
275495,Shen,Yamaashi,1/13/65,Staff,2/19/95,1/1/99
275801,Ayakannu,Heinisuo,1/22/65,Senior Staff,6/28/86,1/1/99
275881,Jiann,Munro,1/8/65,Senior Engineer,5/18/88,1/1/99
275994,Uma,Prampolini,1/29/65,Senior Engineer,2/21/91,1/1/99
276027,Holgard,Stavenow,1/4/65,Senior Staff,2/28/86,1/1/99
276184,Mari,Swick,1/10/65,Senior Staff,4/8/91,1/1/99
276186,Sajjad,Vecchi,1/30/65,Senior Staff,6/2/93,1/1/99
276189,Isaac,Klerer,1/10/65,Senior Staff,3/19/95,1/1/99
276445,Atilio,Randi,1/27/65,Senior Engineer,7/2/88,1/1/99
276472,Hideyuki,Flanders,1/27/65,Senior Engineer,11/10/88,1/1/99
276563,Gift,Solares,1/1/65,Senior Staff,8/1/95,1/1/99
276868,Alois,Sanella,1/19/65,Staff,3/13/98,1/1/99
277316,Vitali,Rothenberg,1/3/65,Senior Staff,10/4/89,1/1/99
277362,Uzi,Kugler,1/9/65,Senior Staff,1/12/91,1/1/99
277420,Rayond,Schach,1/16/65,Senior Engineer,4/22/95,1/1/99
277777,Herbert,Itzigehl,1/27/65,Senior Engineer,7/4/90,1/1/99
277829,Michaela,Fandrianto,1/22/65,Senior Engineer,6/2/86,1/1/99
278239,Boaz,Bottner,1/19/65,Staff,2/6/94,1/1/99
278386,Caolyn,Poujol,1/15/65,Technique Leader,12/3/95,1/1/99
278452,Sudhanshu,Toyoshima,1/7/65,Senior Staff,8/29/87,1/1/99
278536,Munenori,Shobatake,1/14/65,Senior Staff,1/10/92,1/1/99
278549,Jaana,Werthner,1/2/65,Senior Staff,7/27/89,1/1/99
278953,Jeanna,Ghandeharizadeh,1/26/65,Senior Engineer,8/11/90,1/1/99
279115,Maren,DuCasse,1/5/65,Engineer,11/29/97,1/1/99
279280,Niranjan,Debuse,1/9/65,Senior Engineer,9/21/92,1/1/99
279791,Chiranjit,Lyonns,1/10/65,Engineer,12/24/86,1/1/99
280070,Niteen,Ebeling,1/24/65,Senior Staff,3/29/88,1/1/99
280291,Lenore,Badache,1/26/65,Staff,11/24/98,1/1/99
280420,Jahangir,Hofting,1/31/65,Senior Staff,9/28/86,1/1/99
280525,Kish,Herbst,1/13/65,Staff,8/18/96,1/1/99
280648,Heeju,Lorys,1/4/65,Senior Engineer,12/27/86,1/1/99
281570,Zijian,Covnot,1/8/65,Assistant Engineer,9/13/94,1/1/99
281692,Khosrow,Sommen,1/6/65,Senior Engineer,3/3/90,1/1/99
281848,Parke,Staylopatis,1/29/65,Senior Engineer,7/31/93,1/1/99
281859,Masanao,Papastamatiou,1/17/65,Senior Engineer,11/25/85,1/1/99
282191,Alper,Shinomoto,1/16/65,Engineer,10/20/97,1/1/99
282333,Nahla,Serdy,1/25/65,Senior Staff,9/9/93,1/1/99
282343,Xinglin,Haldar,1/13/65,Senior Staff,7/20/88,1/1/99
282547,Nahum,Codenie,1/18/65,Engineer,6/14/99,1/1/99
282585,Zijian,Lammel,1/3/65,Staff,7/1/96,1/1/99
282894,Fay,Bellmore,1/5/65,Senior Engineer,5/3/89,1/1/99
284300,Ishfaq,Mahmud,1/22/65,Senior Staff,11/29/91,1/1/99
284431,Pintsang,Fujisawa,1/25/65,Senior Staff,4/16/96,1/1/99
284561,Duri,Beznosov,1/3/65,Senior Engineer,2/15/88,1/1/99
284687,Oksana,Redmiles,1/15/65,Senior Engineer,6/22/85,1/1/99
284691,Theron,Ressouche,1/4/65,Senior Engineer,8/17/88,1/1/99
284711,Martijn,Azevdeo,1/21/65,Senior Engineer,2/10/88,1/1/99
284717,Gal,Ranta,1/11/65,Senior Engineer,11/7/92,1/1/99
284856,Moto,Kobara,1/5/65,Senior Engineer,12/12/91,1/1/99
284954,Anneke,Hammerschmidt,1/16/65,Engineer,1/30/96,1/1/99
285164,Xiaocheng,Kumaresan,1/2/65,Staff,10/3/94,1/1/99
285396,Lena,Kohling,1/27/65,Senior Engineer,10/4/86,1/1/99
285905,Kellyn,Bage,1/9/65,Senior Staff,11/4/94,1/1/99
285906,Arnould,Buescher,1/2/65,Engineer,3/26/98,1/1/99
286026,Utpal,Zaumen,1/21/65,Senior Staff,2/25/91,1/1/99
286029,Jaques,Nanard,1/28/65,Staff,7/16/96,1/1/99
286370,Toshimitsu,Seuren,1/6/65,Senior Staff,1/19/95,1/1/99
286452,Behnaam,Bierbaum,1/26/65,Engineer,1/31/99,1/1/99
286573,Nahum,Nishimukai,1/27/65,Senior Engineer,2/2/91,1/1/99
286779,Sigeru,Versino,1/24/65,Engineer,8/31/98,1/1/99
286986,Woody,Trelles,1/1/65,Senior Engineer,5/23/96,1/1/99
287323,Steve,Dengi,2/1/65,Staff,9/15/99,1/1/99
287327,Youjian,Felder,1/13/65,Senior Staff,7/15/93,1/1/99
287334,Elliott,Speer,1/5/65,Engineer,8/8/98,1/1/99
287482,Shigeaki,Gihr,1/1/65,Senior Engineer,3/18/94,1/1/99
287583,Jovan,Hockney,1/18/65,Senior Engineer,6/21/90,1/1/99
287609,Sailaja,Negoita,1/6/65,Senior Engineer,1/20/88,1/1/99
287713,Aamod,Ranka,1/23/65,Senior Staff,12/7/92,1/1/99
287808,Vidar,Ozeki,1/9/65,Technique Leader,6/17/96,1/1/99
287983,Randi,Munos,1/23/65,Senior Staff,9/7/90,1/1/99
287984,Troy,Kobuchi,1/9/65,Senior Engineer,2/12/91,1/1/99
288028,Kauko,Narwekar,1/22/65,Senior Engineer,12/16/85,1/1/99
288142,Shay,Heystek,1/25/65,Senior Staff,4/1/89,1/1/99
288166,Masoud,Asmuth,1/11/65,Staff,9/5/94,1/1/99
288560,Yifei,Birjandi,1/16/65,Senior Staff,2/7/94,1/1/99
288563,Cristinel,Gerlach,1/2/65,Senior Engineer,1/9/96,1/1/99
288606,Susumu,Swiss,1/21/65,Senior Staff,11/15/91,1/1/99
288665,Horward,Khasidashvili,1/31/65,Senior Engineer,11/19/98,1/1/99
288893,Bedrich,Rosenbaum,1/30/65,Senior Engineer,1/27/91,1/1/99
289454,Bowen,Narwekar,1/20/65,Senior Engineer,3/8/85,1/1/99
289687,Fai,Maccarone,1/31/65,Senior Staff,10/30/85,1/1/99
289807,Soenke,Lemarechal,1/4/65,Senior Staff,9/4/94,1/1/99
289909,Hilari,Vecchio,1/9/65,Senior Staff,4/24/93,1/1/99
290009,Zijian,Rindone,1/22/65,Senior Staff,7/9/89,1/1/99
290075,Boalin,Byoun,1/15/65,Senior Staff,10/1/90,1/1/99
290284,Kwangjo,Menhardt,1/8/65,Engineer,1/11/96,1/1/99
290441,Gregory,Collavizza,1/25/65,Senior Staff,9/9/87,1/1/99
290467,Shaowen,Poulakidas,1/29/65,Senior Staff,4/15/87,1/1/99
290478,Tsvetan,Sherertz,1/3/65,Engineer,8/7/89,1/1/99
290563,Shigehiro,Oxenboll,1/9/65,Senior Engineer,2/26/86,1/1/99
290769,Lalit,Blokdijk,1/26/65,Senior Engineer,2/1/99,1/1/99
291352,Danai,Trelles,1/7/65,Technique Leader,4/17/92,1/1/99
291612,Siamak,Gomatam,1/30/65,Engineer,7/8/98,1/1/99
291669,Faiza,Bach,1/4/65,Engineer,9/13/99,1/1/99
292110,Menkae,Showalter,1/23/65,Senior Engineer,8/9/96,1/1/99
292146,Khatoun,Pulkowski,1/9/65,Engineer,1/11/98,1/1/99
292210,Masaru,Huhdanpaa,1/17/65,Senior Engineer,11/23/96,1/1/99
292404,Hongzue,Zultner,1/28/65,Senior Staff,2/22/90,1/1/99
292504,Georgi,Bednarek,1/27/65,Senior Engineer,3/2/94,1/1/99
292515,Bernd,Thummel,1/4/65,Engineer,8/3/89,1/1/99
292828,Ziya,Tokunaga,1/10/65,Senior Engineer,1/8/86,1/1/99
293080,Hideyuki,Slaats,1/12/65,Senior Staff,5/30/87,1/1/99
293154,Syozo,Maliniak,1/21/65,Senior Staff,11/9/92,1/1/99
293280,Moti,Steenbeek,1/24/65,Senior Engineer,1/22/87,1/1/99
293329,Fumiya,Griswold,1/15/65,Senior Engineer,6/12/86,1/1/99
293746,Sanjay,Litecky,1/25/65,Senior Engineer,8/27/95,1/1/99
293752,Jungsoon,Bail,1/4/65,Senior Staff,2/18/86,1/1/99
294144,Takanari,Ermel,1/9/65,Senior Staff,1/11/92,1/1/99
294241,Marl,Fiebach,1/12/65,Senior Staff,7/26/94,1/1/99
294446,Claudi,Ruemmler,1/27/65,Staff,8/13/99,1/1/99
294461,Siddarth,Rosiles,1/14/65,Senior Engineer,11/18/85,1/1/99
294527,Ashish,Candan,1/4/65,Senior Staff,2/2/92,1/1/99
294652,Hironobu,Brodie,1/27/65,Senior Engineer,9/17/85,1/1/99
294791,Vesna,Lammel,1/28/65,Assistant Engineer,10/8/99,1/1/99
294857,Caolyn,Ozeri,1/15/65,Senior Engineer,7/29/86,1/1/99
295030,Fun,Keirsey,1/1/65,Senior Staff,7/9/85,1/1/99
295236,Kauko,Fujisawa,1/24/65,Senior Engineer,9/13/87,1/1/99
295254,Xuejun,Pfau,1/15/65,Senior Staff,7/24/85,1/1/99
295255,Jacopo,Bellone,1/4/65,Technique Leader,3/13/88,1/1/99
295262,Moon,Pews,1/22/65,Assistant Engineer,8/6/94,1/1/99
295268,Eben,Calkin,1/28/65,Senior Staff,12/19/96,1/1/99
295278,Val,Barvinok,1/4/65,Senior Engineer,1/2/90,1/1/99
295411,Chiranjit,Serot,1/18/65,Staff,4/4/97,1/1/99
295857,Kankanahalli,Ciolek,1/17/65,Senior Staff,12/26/89,1/1/99
296062,Shaz,Driscoll,1/29/65,Staff,10/3/98,1/1/99
296303,Mariangiola,Heyers,1/28/65,Technique Leader,8/4/92,1/1/99
296428,Charmane,Simmen,1/3/65,Senior Staff,3/7/89,1/1/99
296664,Dipayan,Geffroy,1/31/65,Senior Engineer,9/17/87,1/1/99
296687,Palash,Spieker,1/2/65,Senior Staff,5/11/91,1/1/99
296718,Kamakshi,Bahl,1/30/65,Senior Engineer,12/22/87,1/1/99
297232,Lokesh,Saoudi,1/16/65,Senior Staff,5/25/99,1/1/99
297431,Cathie,Ratnakar,1/12/65,Senior Staff,6/23/96,1/1/99
297474,Irena,Terkki,1/13/65,Staff,3/11/98,1/1/99
297905,Marc,Bahl,1/12/65,Assistant Engineer,6/18/97,1/1/99
297954,Sailaja,Fujisaki,1/13/65,Assistant Engineer,7/24/95,1/1/99
298339,King,Benzmuller,1/11/65,Senior Engineer,9/4/86,1/1/99
298577,Florina,Litecky,1/11/65,Senior Staff,12/2/85,1/1/99
298953,Zita,Syang,2/1/65,Staff,12/29/98,1/1/99
299346,Fumitake,Sichman,1/9/65,Senior Staff,2/21/91,1/1/99
299580,Luisa,Itzfeldt,1/21/65,Engineer,1/23/97,1/1/99
299718,Denny,Shobatake,1/15/65,Senior Staff,6/22/97,1/1/99
299737,Patricio,Itzfeldt,2/1/65,Senior Staff,5/21/85,1/1/99
400046,Hilari,Christ,1/12/65,Senior Staff,1/19/91,1/1/99
400358,Angus,Jullig,1/31/65,Senior Engineer,4/13/89,1/1/99
400683,Kamakshi,Manders,1/28/65,Staff,8/5/95,1/1/99
400780,Poornachandra,Asser,1/9/65,Engineer,11/7/93,1/1/99
400796,Bodo,Halevi,1/10/65,Engineer,5/30/96,1/1/99
401154,Danae,Kragelund,1/27/65,Senior Staff,5/20/87,1/1/99
401278,Oguz,Schurmann,1/16/65,Engineer,11/11/86,1/1/99
401333,Martins,Shokrollahi,1/30/65,Senior Engineer,11/4/86,1/1/99
401420,Florian,Uhrig,1/6/65,Senior Staff,1/31/87,1/1/99
401574,Yannik,Falco,1/13/65,Technique Leader,1/15/88,1/1/99
402025,Shigehito,Duclos,1/20/65,Senior Engineer,9/20/87,1/1/99
402102,Kersti,Granlund,1/21/65,Engineer,3/19/95,1/1/99
402664,Subhada,Janetzko,1/4/65,Senior Engineer,1/25/87,1/1/99
402718,Jeanna,Rettelbach,1/17/65,Senior Engineer,2/14/90,1/1/99
402827,Weidon,Pollacia,1/28/65,Senior Staff,2/27/88,1/1/99
403010,Toshimitsu,Sluis,1/16/65,Senior Engineer,2/18/85,1/1/99
403621,Deborah,Kaminger,1/7/65,Senior Staff,6/4/88,1/1/99
403644,Krisda,Hainaut,1/19/65,Senior Staff,7/8/95,1/1/99
403954,Jeanna,Bratten,1/10/65,Senior Engineer,7/26/90,1/1/99
404018,Valery,Babb,1/11/65,Senior Engineer,10/19/98,1/1/99
404236,Zengping,Kakkar,1/12/65,Senior Engineer,7/22/88,1/1/99
404462,Anestis,Setlzner,1/9/65,Senior Engineer,7/13/85,1/1/99
404573,Eberhardt,Spelt,1/31/65,Staff,7/5/97,1/1/99
404755,Manu,Junet,1/13/65,Senior Staff,4/20/91,1/1/99
404788,Basem,Beausoleil,1/16/65,Engineer,3/16/98,1/1/99
405015,Morris,Fargier,1/2/65,Senior Staff,6/29/88,1/1/99
405063,Yechezkel,Yurov,1/26/65,Senior Engineer,11/30/98,1/1/99
406125,Georgi,Portugali,1/25/65,Technique Leader,9/27/87,1/1/99
406239,Marek,Tomescu,1/9/65,Senior Engineer,5/15/95,1/1/99
406564,Parviz,Picco,1/25/65,Engineer,4/16/95,1/1/99
406714,Malu,Ossenbruggen,2/1/65,Senior Staff,11/21/86,1/1/99
406847,Alexius,Crouzet,1/24/65,Staff,10/5/99,1/1/99
407522,Tommaso,Raczkowsky,1/25/65,Staff,8/29/96,1/1/99
407837,Fei,Erez,2/1/65,Senior Engineer,10/15/86,1/1/99
408019,Shridhar,Chleq,1/1/65,Senior Engineer,3/22/86,1/1/99
408114,Geoffrey,Ladret,1/5/65,Engineer,1/3/94,1/1/99
408163,Irene,Sethi,1/21/65,Senior Engineer,9/6/96,1/1/99
408417,Tsz,Daescu,1/19/65,Staff,1/29/94,1/1/99
408437,Uno,Solares,1/29/65,Senior Staff,9/22/94,1/1/99
408447,Mayuri,Werthner,1/13/65,Senior Staff,8/19/90,1/1/99
408654,Yongqiao,Cochrane,1/9/65,Senior Staff,10/27/86,1/1/99
408953,Jolita,Claffy,1/26/65,Senior Engineer,12/24/93,1/1/99
409391,Willard,Verspoor,1/6/65,Engineer,2/28/99,1/1/99
409798,Dekang,Tsunoo,1/15/65,Technique Leader,1/19/95,1/1/99
409805,Frazer,Candan,1/15/65,Senior Engineer,3/5/99,1/1/99
409898,Divier,Ishibashi,2/1/65,Senior Engineer,9/22/89,1/1/99
410028,Xiadong,McClurg,1/11/65,Senior Staff,9/17/85,1/1/99
410372,Duri,Mitina,1/8/65,Senior Engineer,3/4/90,1/1/99
410433,Kazuhisa,Riesenhuber,1/19/65,Senior Engineer,10/6/92,1/1/99
410616,Gudjon,Kalorkoti,1/18/65,Senior Engineer,4/14/94,1/1/99
410804,Ronnie,Denos,1/17/65,Senior Engineer,6/8/92,1/1/99
410881,Koichi,Grabner,1/6/65,Senior Engineer,4/24/90,1/1/99
411070,Otmar,Brandsma,1/29/65,Senior Engineer,5/28/87,1/1/99
411082,Martine,Cangellaris,1/8/65,Senior Engineer,4/28/92,1/1/99
411143,Goncalo,Barbanera,1/8/65,Senior Staff,9/1/96,1/1/99
412404,Mitsuyuki,Jeansoulin,1/15/65,Senior Engineer,10/28/99,1/1/99
412757,Leen,Peak,1/3/65,Engineer,11/20/99,1/1/99
413098,Hsiangchu,Taubenfeld,1/26/65,Senior Staff,4/17/93,1/1/99
413205,Mototsugu,Prampolini,1/9/65,Senior Staff,6/12/88,1/1/99
413666,Remco,Duclos,1/5/65,Senior Staff,4/18/88,1/1/99
413729,Harjit,Ernst,1/2/65,Technique Leader,4/26/92,1/1/99
413831,Mohamadou,Grabner,1/9/65,Senior Staff,11/25/91,1/1/99
413832,Marco,Jahnichen,1/24/65,Senior Staff,3/28/95,1/1/99
414027,Tadanori,Msuda,1/31/65,Senior Engineer,11/6/88,1/1/99
414091,Wuxu,Kuhnemann,1/17/65,Engineer,8/19/97,1/1/99
414543,Bernd,Anick,1/3/65,Senior Engineer,11/19/88,1/1/99
414551,Elliott,Copas,1/22/65,Senior Engineer,9/13/94,1/1/99
414662,Ipke,Schneeberger,1/21/65,Senior Engineer,9/20/85,1/1/99
414714,Chinho,Delgrande,1/6/65,Senior Staff,11/7/96,1/1/99
414814,Dayanand,Wielonsky,1/28/65,Staff,2/15/99,1/1/99
414897,Juyoung,Willoner,1/17/65,Senior Staff,11/3/89,1/1/99
415187,Juyoung,Peltason,1/3/65,Assistant Engineer,9/1/98,1/1/99
415338,Shigeo,Emmart,1/22/65,Assistant Engineer,12/24/95,1/1/99
415363,Conal,Shackell,1/19/65,Senior Staff,1/25/86,1/1/99
415563,Mrinalini,Bierbaum,1/21/65,Senior Engineer,3/12/86,1/1/99
416074,Alain,Lieberherr,1/8/65,Senior Engineer,5/11/87,1/1/99
416383,Nectarios,Itschner,1/29/65,Senior Engineer,3/2/90,1/1/99
416420,Adamantios,Heemskerk,1/22/65,Senior Staff,8/8/86,1/1/99
416492,Kannan,Meriste,1/15/65,Senior Engineer,8/12/92,1/1/99
416660,Nathalie,Luke,1/28/65,Senior Engineer,9/16/87,1/1/99
416720,Tokuyasu,Xiaoshan,1/14/65,Senior Engineer,9/19/91,1/1/99
416877,Gio,Orsini,1/2/65,Senior Staff,12/7/88,1/1/99
416892,Shooichi,Vandervoorde,1/3/65,Engineer,8/16/96,1/1/99
417435,Bouchung,Zaumen,1/3/65,Senior Staff,1/29/99,1/1/99
418239,Josyula,Motley,1/3/65,Senior Engineer,9/5/92,1/1/99
418247,Oscar,Oppitz,1/8/65,Senior Staff,6/30/95,1/1/99
418298,Arvin,Pusterhofer,1/8/65,Senior Engineer,3/2/95,1/1/99
418309,Danel,Petereit,1/24/65,Senior Engineer,2/21/85,1/1/99
418380,Kazuhiko,Gornas,1/2/65,Senior Engineer,5/20/93,1/1/99
418566,Kazuhide,Snedden,1/27/65,Senior Engineer,6/14/96,1/1/99
418606,Michaela,Otillio,1/11/65,Engineer,1/5/94,1/1/99
418717,Arunachalam,Magliocco,1/20/65,Senior Staff,12/23/87,1/1/99
418860,Ymte,Dalton,2/1/65,Senior Staff,11/22/92,1/1/99
419099,Heon,Broomell,1/15/65,Staff,5/6/98,1/1/99
419953,Ung,Orlowski,1/29/65,Senior Staff,7/22/91,1/1/99
420086,Susuma,Kitsuregawa,1/27/65,Senior Engineer,5/28/85,1/1/99
420476,Mariangiola,Bolsens,1/28/65,Senior Staff,6/15/85,1/1/99
420557,Mabhin,Eastman,1/6/65,Senior Staff,8/2/89,1/1/99
420694,Frazer,Barbanera,1/19/65,Senior Staff,11/4/86,1/1/99
420732,Willard,Morrin,1/6/65,Senior Staff,5/27/96,1/1/99
420759,Raimond,Solovay,1/4/65,Staff,10/3/97,1/1/99
420765,Shawna,Krider,1/17/65,Senior Staff,3/9/90,1/1/99
420877,Khosrow,Erez,1/29/65,Senior Staff,2/11/90,1/1/99
421022,Shigeaki,Butner,1/26/65,Senior Staff,7/13/96,1/1/99
421033,Garnik,Randt,1/14/65,Senior Staff,12/23/89,1/1/99
421074,Zhaofang,Falster,1/7/65,Senior Staff,6/29/94,1/1/99
421312,Mariangiola,Bashian,1/13/65,Engineer,9/18/99,1/1/99
421384,Renny,Bednarek,1/2/65,Senior Staff,6/1/87,1/1/99
421755,Shichao,Thiria,1/3/65,Senior Engineer,1/11/89,1/1/99
422146,Kenton,Miara,1/8/65,Engineer,5/14/99,1/1/99
422783,Jagoda,Uhrig,1/18/65,Engineer,9/1/95,1/1/99
423038,Takushi,Strehl,1/20/65,Senior Staff,10/4/88,1/1/99
423204,Uma,Stranks,1/8/65,Senior Staff,9/13/91,1/1/99
423208,Joydip,Krone,1/19/65,Engineer,2/8/95,1/1/99
423214,Tsutomu,Tetzlaff,1/31/65,Senior Staff,9/24/87,1/1/99
423327,Constantijn,Lichtman,1/27/65,Senior Staff,6/26/94,1/1/99
423350,Heping,Monarch,1/4/65,Senior Staff,4/15/88,1/1/99
423633,Mariusz,Tokunaga,1/30/65,Senior Engineer,2/11/85,1/1/99
423993,Seshu,Kolvik,1/1/65,Technique Leader,12/9/88,1/1/99
424569,Danco,Luff,1/14/65,Engineer,10/30/97,1/1/99
424584,Kagan,Dredge,2/1/65,Senior Engineer,2/26/94,1/1/99
424685,Changho,Veevers,1/10/65,Senior Staff,3/3/97,1/1/99
424797,Theron,Itschner,1/19/65,Senior Staff,5/16/85,1/1/99
424805,Jacqueline,Zallocco,1/24/65,Senior Staff,12/17/87,1/1/99
424930,Xuejun,Reeker,1/19/65,Senior Staff,11/18/88,1/1/99
424984,Vasilis,Waleschkowski,1/11/65,Engineer,5/26/96,1/1/99
425437,Moni,Staudhammer,1/3/65,Engineer,3/23/99,1/1/99
425535,Alagu,Vieri,1/18/65,Senior Staff,8/23/86,1/1/99
425540,Paddy,Zumaque,1/3/65,Senior Staff,11/12/95,1/1/99
425757,Yongdong,Jiang,1/18/65,Senior Staff,10/13/90,1/1/99
425780,Paris,Range,1/15/65,Senior Staff,10/25/89,1/1/99
425830,Guther,Conia,1/30/65,Engineer,2/13/99,1/1/99
425875,Jahangir,Kroft,1/19/65,Senior Staff,6/11/90,1/1/99
426153,Shahaf,Luce,1/16/65,Senior Staff,4/6/99,1/1/99
426168,Kaijung,Mateescu,1/10/65,Senior Staff,11/18/87,1/1/99
426228,Supot,Badache,1/17/65,Engineer,8/17/96,1/1/99
426235,Danco,Rajala,1/31/65,Senior Staff,3/29/91,1/1/99
426644,Zejun,Broomell,1/13/65,Senior Engineer,1/19/95,1/1/99
426706,Karsten,Kawashima,1/7/65,Senior Engineer,3/15/94,1/1/99
426795,Huican,Lunn,1/7/65,Senior Staff,7/23/86,1/1/99
426818,Gaurav,Fendler,1/21/65,Senior Staff,2/15/92,1/1/99
426819,Sandeepan,Kulisch,1/13/65,Engineer,5/16/97,1/1/99
426824,Gopalakrishnan,Mawatari,1/25/65,Senior Staff,10/29/88,1/1/99
426958,Weijing,Viele,1/19/65,Senior Engineer,10/3/85,1/1/99
427313,Utpal,Kemmerer,1/31/65,Senior Staff,12/4/86,1/1/99
427320,Mamdouh,Ramamoorthy,1/13/65,Senior Engineer,1/13/00,1/1/99
427332,Feiyu,Hemaspaandra,1/20/65,Staff,6/4/95,1/1/99
427571,Torsten,Ranta,1/20/65,Senior Engineer,12/11/87,1/1/99
427776,Jaques,Navazio,1/25/65,Senior Staff,4/4/89,1/1/99
427805,Haldun,Compeau,1/21/65,Senior Staff,10/15/97,1/1/99
427823,Jaques,Gecsei,1/18/65,Staff,7/13/99,1/1/99
427852,Adil,Kieras,1/2/65,Senior Engineer,7/20/92,1/1/99
428082,Ronghao,Alpin,1/9/65,Senior Staff,9/11/91,1/1/99
428160,Jamaludin,Kalorkoti,1/12/65,Senior Staff,7/14/93,1/1/99
428195,Hatsukazu,Rosca,1/11/65,Senior Staff,10/13/86,1/1/99
428219,Ghassan,Androutsos,1/21/65,Senior Staff,12/26/87,1/1/99
428917,Theron,Billawala,1/23/65,Senior Engineer,2/17/89,1/1/99
429087,Hugh,Senzako,1/27/65,Technique Leader,10/15/92,1/1/99
429231,Kazuyasu,Schmiedel,1/9/65,Senior Staff,9/7/85,1/1/99
429238,Mona,Luck,1/29/65,Senior Staff,5/11/89,1/1/99
429249,Alassane,Wolniewicz,1/28/65,Senior Engineer,10/6/86,1/1/99
429316,Seshu,Hiraishi,1/8/65,Senior Staff,8/10/94,1/1/99
429381,Limsoon,Roohalamini,1/6/65,Senior Staff,11/26/86,1/1/99
429481,Subhada,Emmerich,1/9/65,Engineer,3/6/96,1/1/99
429520,Yongqiao,Francisci,1/6/65,Engineer,12/1/99,1/1/99
429532,Bartek,Vendrig,1/25/65,Senior Staff,11/12/91,1/1/99
429569,Fumiya,Chappelet,1/3/65,Engineer,9/3/92,1/1/99
429703,Ung,Honglei,1/6/65,Senior Staff,9/2/86,1/1/99
429899,Ranan,Marsiglia,1/30/65,Staff,8/13/99,1/1/99
429954,Renny,Gladwell,1/26/65,Staff,2/27/99,1/1/99
430054,Erzsebet,Setiz,1/22/65,Senior Engineer,6/10/93,1/1/99
430558,Xiong,Roisin,1/7/65,Senior Engineer,3/1/88,1/1/99
430593,Janalee,Lanzelotte,1/19/65,Senior Staff,12/1/97,1/1/99
430631,Kersti,Marsiglia,1/17/65,Engineer,2/19/94,1/1/99
430891,Khalil,Gien,1/6/65,Senior Engineer,8/6/91,1/1/99
431576,Masamitsu,Back,1/6/65,Senior Staff,3/25/87,1/1/99
431657,Visit,Thiran,1/31/65,Senior Engineer,11/14/86,1/1/99
431882,Hideo,Varman,1/21/65,Engineer,6/19/97,1/1/99
431887,Poorav,Ranst,1/5/65,Senior Engineer,6/1/96,1/1/99
432031,Adamantios,Matzat,1/11/65,Senior Staff,3/1/87,1/1/99
432034,Arfst,Uehara,1/24/65,Senior Staff,11/15/93,1/1/99
432121,Alair,Straney,1/6/65,Senior Staff,11/15/86,1/1/99
432257,Kwangjo,Hiltgen,1/20/65,Engineer,12/22/98,1/1/99
432261,Arve,Bergere,1/30/65,Senior Engineer,7/28/87,1/1/99
432399,Nitsan,Nollmann,1/19/65,Senior Engineer,9/10/90,1/1/99
432523,Takahiro,Maquelin,1/21/65,Engineer,7/21/97,1/1/99
432665,Flemming,Driscoll,1/2/65,Senior Engineer,6/28/91,1/1/99
432787,Toshiko,Ibel,1/16/65,Senior Engineer,11/23/96,1/1/99
432956,Qunsheng,Birrer,1/25/65,Senior Staff,5/13/86,1/1/99
433059,Bojan,Montresor,1/2/65,Staff,2/4/95,1/1/99
433157,Tomofumi,Serna,1/16/65,Staff,10/23/99,1/1/99
433260,Make,Olivero,2/1/65,Engineer,6/1/91,1/1/99
433438,Keiichiro,Miyakawa,1/6/65,Senior Staff,9/12/93,1/1/99
434845,Takushi,Skogmar,1/11/65,Senior Staff,6/7/85,1/1/99
434936,Sahrah,Rosis,1/15/65,Senior Engineer,6/24/94,1/1/99
435042,Brigham,Borstler,1/10/65,Staff,10/9/95,1/1/99
435060,Moie,Lieblein,1/16/65,Staff,7/12/96,1/1/99
435181,Kazuhide,Fiutem,1/16/65,Senior Staff,5/10/92,1/1/99
435289,Feixiong,Schurmann,1/4/65,Senior Staff,2/15/87,1/1/99
435305,Berthier,Pramanik,1/21/65,Senior Staff,1/23/93,1/1/99
435370,Conal,Basart,1/16/65,Senior Staff,5/17/91,1/1/99
435588,Genta,Pepe,1/29/65,Senior Staff,4/12/94,1/1/99
435602,Dietrich,Kranzdorf,1/29/65,Senior Staff,10/4/92,1/1/99
435774,Olivera,Bharadwaj,1/9/65,Senior Staff,4/1/92,1/1/99
435791,Hercules,Speer,1/7/65,Senior Engineer,3/7/94,1/1/99
436558,Subir,Greibach,1/8/65,Senior Engineer,5/24/92,1/1/99
436797,Ohad,Henders,1/24/65,Senior Staff,11/3/90,1/1/99
436827,Wojceich,Limongiello,1/30/65,Senior Staff,3/10/88,1/1/99
436915,Feixiong,Haraldson,1/13/65,Staff,10/11/98,1/1/99
437276,Dines,DeMori,1/17/65,Senior Staff,12/7/87,1/1/99
437369,Kazuhide,Biran,2/1/65,Senior Staff,1/25/95,1/1/99
437395,Sumant,Thambidurai,1/21/65,Senior Staff,1/2/94,1/1/99
437724,Erez,Luft,1/17/65,Staff,12/14/94,1/1/99
437870,Kerhong,Lorho,1/7/65,Staff,6/18/95,1/1/99
438038,Lena,Giaccio,1/1/65,Senior Staff,3/17/99,1/1/99
438264,Rasikan,Barreiro,1/19/65,Senior Staff,9/27/91,1/1/99
438557,Lidong,Swist,1/30/65,Engineer,9/16/99,1/1/99
439377,Mari,Plessier,1/28/65,Senior Engineer,7/4/97,1/1/99
439905,Kousuke,Levasseur,1/3/65,Senior Staff,3/16/90,1/1/99
439924,Gunilla,Kisuki,1/30/65,Senior Staff,8/14/94,1/1/99
440325,Douadi,Sullins,1/10/65,Senior Staff,9/25/99,1/1/99
440435,Sandeepan,Rosti,1/3/65,Senior Engineer,11/26/91,1/1/99
440450,Tzvetan,Scharstein,1/16/65,Senior Staff,6/16/94,1/1/99
440642,Snehasis,Kalsbeek,1/14/65,Senior Staff,1/6/88,1/1/99
440870,Filipp,Hasham,1/1/65,Senior Staff,7/11/90,1/1/99
440937,Fabrizio,Usery,1/18/65,Senior Staff,10/13/92,1/1/99
441197,Miquel,Legleitner,1/18/65,Senior Staff,6/28/85,1/1/99
441536,Chinho,Collette,1/10/65,Senior Engineer,8/7/90,1/1/99
441954,Leszek,Marchegay,1/3/65,Engineer,6/13/99,1/1/99
441965,Claudi,Heijenga,1/12/65,Senior Staff,8/30/88,1/1/99
442002,Ravishankar,Baig,1/3/65,Senior Staff,3/17/92,1/1/99
442096,Martijn,DiGiano,1/15/65,Senior Engineer,6/15/90,1/1/99
442312,Zengping,Cusworth,1/5/65,Senior Engineer,6/7/91,1/1/99
442490,Navid,Luke,1/8/65,Engineer,10/17/94,1/1/99
442653,Mona,Hebden,1/4/65,Engineer,10/20/95,1/1/99
442700,Siddarth,Masada,1/6/65,Staff,8/11/97,1/1/99
442898,Aksel,Gire,1/7/65,Engineer,6/27/99,1/1/99
443108,Christfried,Atrawala,1/14/65,Senior Staff,7/13/90,1/1/99
443485,Marke,Klerer,1/23/65,Senior Staff,4/14/90,1/1/99
443841,Shaw,Kading,1/8/65,Senior Staff,7/16/92,1/1/99
443873,Vatsa,Ramsay,1/20/65,Senior Staff,2/4/94,1/1/99
444070,Heping,Skrikant,1/15/65,Senior Staff,11/27/90,1/1/99
444099,Kousuke,Worfolk,1/28/65,Senior Staff,3/22/88,1/1/99
444208,Irena,Cesareni,1/27/65,Senior Staff,10/30/85,1/1/99
444465,Prasadram,Bultermann,1/13/65,Senior Engineer,8/29/97,1/1/99
444487,Udi,Rullman,1/3/65,Senior Engineer,4/9/94,1/1/99
444643,Berna,Schonegge,1/18/65,Staff,6/28/98,1/1/99
445067,Eldridge,Kawashima,1/28/65,Senior Engineer,2/27/90,1/1/99
445152,Heping,Peac,1/9/65,Senior Staff,3/20/85,1/1/99
445226,Oscar,Baumann,1/1/65,Senior Engineer,1/22/87,1/1/99
445570,Van,Nations,1/25/65,Technique Leader,8/11/86,1/1/99
445723,Gaurav,Roison,1/31/65,Senior Staff,10/22/86,1/1/99
445941,Masako,Dechter,1/11/65,Technique Leader,9/25/85,1/1/99
445950,Ebru,Valtorta,1/23/65,Senior Engineer,12/9/92,1/1/99
446121,Fay,Cochrane,1/11/65,Staff,12/13/99,1/1/99
446306,Hercules,Kabayashi,1/22/65,Senior Engineer,6/10/91,1/1/99
446424,DAIDA,Nooteboom,1/16/65,Senior Engineer,11/24/85,1/1/99
446897,Takahiro,Dalton,1/22/65,Technique Leader,9/30/92,1/1/99
446959,Aram,Passino,1/29/65,Senior Engineer,1/28/95,1/1/99
447018,Dannz,Miara,1/17/65,Senior Engineer,12/4/92,1/1/99
447135,Gennady,Rouquie,1/31/65,Senior Staff,8/24/89,1/1/99
447232,Aleksander,Schaaf,1/22/65,Senior Staff,5/26/95,1/1/99
447376,Kirk,Zongker,1/7/65,Staff,12/10/99,1/1/99
447544,Stabislas,Kakkad,1/22/65,Senior Staff,2/19/89,1/1/99
447613,Paris,Restivo,1/15/65,Senior Engineer,11/21/86,1/1/99
447877,Make,Heuser,1/13/65,Senior Engineer,7/2/88,1/1/99
447931,Martijn,Jeong,1/11/65,Senior Staff,12/14/90,1/1/99
447966,Kamakshi,Hebert,1/5/65,Senior Engineer,1/17/97,1/1/99
447982,Shiv,Baezner,1/25/65,Senior Engineer,12/17/90,1/1/99
447999,Shiv,Vilarrasa,1/5/65,Senior Engineer,8/1/90,1/1/99
448769,Mong,Dichev,1/18/65,Technique Leader,10/11/97,1/1/99
448900,Mart,Talmor,1/16/65,Staff,5/11/99,1/1/99
448918,Chiradeep,Arlazarov,1/23/65,Senior Engineer,10/6/89,1/1/99
448994,Haldun,Syang,1/12/65,Staff,2/11/97,1/1/99
449189,Jahangir,Bernatsky,1/30/65,Senior Staff,9/30/95,1/1/99
449815,Fumitaka,Quittner,1/27/65,Senior Staff,4/20/88,1/1/99
449984,Hinrich,Perin,2/1/65,Senior Engineer,11/20/85,1/1/99
450184,Selwyn,Henseler,1/11/65,Senior Engineer,3/9/93,1/1/99
450255,Udo,Waymire,1/31/65,Technique Leader,6/14/86,1/1/99
450309,Gill,Orlowska,1/8/65,Technique Leader,12/25/86,1/1/99
450475,Saeed,Bahl,1/21/65,Senior Staff,1/29/91,1/1/99
450817,DAIDA,Frolund,1/10/65,Senior Engineer,7/17/87,1/1/99
450888,Sedat,Rande,1/3/65,Senior Staff,3/25/95,1/1/99
450934,Chanjung,Raoux,1/23/65,Senior Engineer,5/25/92,1/1/99
450936,Yuriy,Ponthieu,1/18/65,Senior Staff,12/11/91,1/1/99
451253,Jaihie,Ozeri,1/15/65,Senior Staff,6/21/91,1/1/99
451272,Jacopo,Krohm,1/2/65,Senior Engineer,4/24/91,1/1/99
451275,Bedrich,Isard,1/25/65,Senior Staff,6/7/86,1/1/99
451333,Radhika,Bonifati,1/15/65,Senior Staff,3/11/95,1/1/99
452137,Subir,Miake,1/15/65,Senior Engineer,7/11/93,1/1/99
452206,Arra,Esposito,1/22/65,Staff,11/3/94,1/1/99
452325,Taiji,Berstel,1/14/65,Senior Engineer,12/2/96,1/1/99
452347,Shigeichiro,Brattka,1/7/65,Senior Staff,7/13/96,1/1/99
452365,Fei,Gadepally,1/5/65,Engineer,11/13/88,1/1/99
452956,Gou,Thombley,1/17/65,Senior Engineer,4/9/87,1/1/99
452957,Alair,Nanard,1/3/65,Staff,2/10/96,1/1/99
452982,Lobel,Aloia,1/29/65,Senior Staff,12/29/94,1/1/99
453070,Aran,Rosenbaum,1/6/65,Senior Staff,4/25/91,1/1/99
453154,Gao,Lally,1/3/65,Staff,3/1/96,1/1/99
453644,Berni,Takkinen,1/7/65,Senior Staff,6/8/92,1/1/99
453688,Chinya,Leslie,1/24/65,Engineer,10/28/95,1/1/99
453723,Arne,Kohling,1/15/65,Senior Engineer,12/13/85,1/1/99
453760,Ewing,Rajala,1/13/65,Senior Staff,6/21/96,1/1/99
453790,Fai,Keirsey,1/11/65,Senior Engineer,10/12/94,1/1/99
453913,Stein,Perng,1/23/65,Senior Staff,4/29/93,1/1/99
454338,Mohammed,Georg,1/24/65,Engineer,8/3/98,1/1/99
454378,Gina,Ossenbruggen,1/6/65,Technique Leader,1/3/98,1/1/99
454736,Nechama,Ermel,1/24/65,Engineer,6/5/95,1/1/99
454791,Xiaoqiu,Pietracaprina,1/22/65,Senior Engineer,7/9/94,1/1/99
454825,Kamakshi,Schusler,1/2/65,Senior Engineer,5/25/95,1/1/99
454994,Mohan,Picht,1/1/65,Senior Engineer,2/24/91,1/1/99
455175,Soenke,Zaumen,1/14/65,Senior Staff,2/22/92,1/1/99
455284,Luisa,Baig,1/9/65,Senior Engineer,7/12/96,1/1/99
455726,Qiwen,Kriebel,1/8/65,Senior Staff,12/13/87,1/1/99
455814,Giao,DuCasse,1/28/65,Senior Engineer,7/19/91,1/1/99
455914,Peer,Angelopoulos,1/1/65,Senior Engineer,7/23/89,1/1/99
456767,Tetsurou,Schreiter,1/24/65,Senior Staff,7/17/87,1/1/99
456982,Shounak,Dratva,1/7/65,Senior Engineer,1/5/89,1/1/99
457070,Gay,Plavsic,1/25/65,Senior Staff,8/6/87,1/1/99
457146,Jinpo,Heyers,1/20/65,Staff,1/7/99,1/1/99
457305,Sorina,Lakshmanan,1/15/65,Staff,9/3/94,1/1/99
457337,Xumin,Beidas,1/31/65,Technique Leader,4/27/95,1/1/99
457411,Xudong,Peck,1/13/65,Senior Engineer,4/18/88,1/1/99
457489,Berna,Ranst,1/24/65,Senior Engineer,5/14/85,1/1/99
457611,Indrajit,Krogh,1/9/65,Engineer,9/18/98,1/1/99
457776,Florian,Siepmann,1/15/65,Senior Engineer,12/21/87,1/1/99
457813,Foong,Gargeya,1/28/65,Senior Engineer,1/24/92,1/1/99
457832,Jackson,Zielinski,2/1/65,Senior Engineer,9/12/97,1/1/99
457938,Arch,Picco,1/14/65,Senior Staff,6/7/93,1/1/99
458111,Florian,Tramer,1/23/65,Engineer,11/7/99,1/1/99
458134,Thanasis,Standera,1/11/65,Senior Staff,3/20/85,1/1/99
458191,George,Atchley,1/28/65,Staff,7/2/97,1/1/99
458383,Mabhin,Foote,1/6/65,Engineer,4/23/99,1/1/99
458726,Shahaf,Kitai,1/13/65,Senior Staff,12/26/86,1/1/99
458790,Ramya,Azadmanesh,1/17/65,Senior Engineer,11/19/88,1/1/99
459172,Val,Rissanen,1/19/65,Engineer,11/20/93,1/1/99
459356,Pramod,Wendorf,1/21/65,Engineer,12/25/98,1/1/99
459429,Mohit,Verhaegen,1/14/65,Senior Staff,5/27/92,1/1/99
459685,Hirochika,Goldhammer,2/1/65,Engineer,3/12/98,1/1/99
460131,Adly,Hambrick,1/16/65,Staff,7/25/97,1/1/99
460691,Munehiko,Gihr,1/16/65,Senior Staff,12/6/89,1/1/99
460707,Yoshinari,Lanteri,1/7/65,Senior Engineer,12/25/96,1/1/99
460920,Remzi,Mitzlaff,1/22/65,Senior Staff,4/6/86,1/1/99
461120,Shietung,Gelosh,1/18/65,Senior Engineer,3/26/96,1/1/99
461270,Mrinalini,Mawatari,1/10/65,Staff,1/3/96,1/1/99
461801,Sumali,Cooman,1/3/65,Senior Staff,2/16/92,1/1/99
462493,Paloma,Gerlach,1/12/65,Senior Engineer,7/26/88,1/1/99
462795,Somnath,Cummings,1/5/65,Senior Staff,7/10/94,1/1/99
463023,Itzchak,Penn,1/6/65,Staff,1/21/99,1/1/99
463099,Jinxi,Schmiedel,1/15/65,Senior Staff,9/21/90,1/1/99
463212,Ramya,Rossi,1/9/65,Senior Engineer,3/2/87,1/1/99
463472,Jaber,Sethi,1/11/65,Technique Leader,6/6/95,1/1/99
463495,Alenka,Barriga,1/28/65,Senior Staff,5/6/88,1/1/99
464284,Huiqun,Henders,1/20/65,Senior Staff,5/19/93,1/1/99
464303,Abdelghani,Nyrup,1/22/65,Senior Staff,8/2/86,1/1/99
465062,Stafford,Gist,1/29/65,Senior Engineer,5/7/88,1/1/99
465076,Tokuyasu,Ghelli,1/19/65,Senior Engineer,5/5/85,1/1/99
465085,Vidar,Gunderson,1/18/65,Senior Staff,3/18/96,1/1/99
465409,Shahid,Varman,1/30/65,Senior Staff,8/27/85,1/1/99
465501,Mrinalini,Gire,1/5/65,Senior Staff,11/9/92,1/1/99
465711,Lakshmi,Frijda,1/6/65,Senior Engineer,4/21/90,1/1/99
465853,Kwan,Kampfer,1/1/65,Staff,10/16/98,1/1/99
465874,Herb,Picht,1/12/65,Engineer,5/31/85,1/1/99
466064,Temple,Danlos,1/31/65,Senior Staff,6/13/94,1/1/99
466367,Hiroyasu,Strandh,1/5/65,Senior Staff,6/5/89,1/1/99
466509,Bezalel,Verhoeff,1/26/65,Senior Engineer,3/22/88,1/1/99
466603,Yechezkel,Nourani,1/23/65,Senior Staff,8/1/91,1/1/99
466745,Boalin,Birsak,1/26/65,Senior Staff,10/16/95,1/1/99
467176,Przemyslawa,Borovoy,1/5/65,Senior Staff,6/18/93,1/1/99
467269,Nahum,Lambe,1/18/65,Technique Leader,8/31/89,1/1/99
467392,Mariusz,Rikino,1/7/65,Senior Engineer,4/13/95,1/1/99
467441,Margareta,Bondorf,1/13/65,Senior Engineer,11/7/88,1/1/99
467591,Kiyotoshi,Hennebert,1/17/65,Staff,9/21/97,1/1/99
467886,Sivanarayana,Chandrasekhar,1/2/65,Senior Staff,1/24/96,1/1/99
467918,Tsuneo,Skrikant,1/3/65,Staff,10/21/97,1/1/99
468360,Huei,Saoudi,1/12/65,Technique Leader,8/10/94,1/1/99
468417,Kamakshi,Huhdanpaa,1/25/65,Senior Engineer,8/26/93,1/1/99
468659,Ranga,Lemarechal,1/18/65,Senior Engineer,11/5/89,1/1/99
468773,Baziley,Brookner,1/27/65,Senior Engineer,9/22/93,1/1/99
469104,Nadjib,Comellas,1/21/65,Senior Engineer,4/18/96,1/1/99
469253,Baruch,Basawa,1/17/65,Senior Engineer,9/17/93,1/1/99
469269,Weiyi,Codenie,1/23/65,Senior Engineer,5/27/89,1/1/99
469366,Aiman,Wilfing,1/12/65,Senior Engineer,12/30/90,1/1/99
469399,Hongzhu,Ruemmler,1/25/65,Engineer,2/14/99,1/1/99
469527,Halsur,Ibel,1/24/65,Staff,3/5/98,1/1/99
469529,Neven,Rikino,1/7/65,Senior Engineer,10/21/88,1/1/99
469735,Arif,Stranks,1/30/65,Senior Engineer,11/16/92,1/1/99
469867,Hein,Jonsson,1/23/65,Senior Staff,2/12/85,1/1/99
470456,Reuven,Oehlmann,1/13/65,Senior Staff,3/29/86,1/1/99
470472,Zhiguo,Staudhammer,2/1/65,Senior Engineer,12/3/85,1/1/99
471397,Nigel,Zirintsis,2/1/65,Engineer,1/3/99,1/1/99
471532,Feiyu,Decleir,1/17/65,Technique Leader,9/13/98,1/1/99
471552,Basem,Lortz,1/22/65,Staff,10/25/97,1/1/99
471911,Arun,Zaccaria,1/14/65,Engineer,5/31/90,1/1/99
471939,Kazuhiko,Marshall,1/27/65,Staff,11/16/99,1/1/99
472052,Godehard,Chinal,1/26/65,Assistant Engineer,12/9/95,1/1/99
472143,Yahiko,Sommen,1/25/65,Senior Staff,8/14/96,1/1/99
472238,Jungsoon,Gubsky,1/31/65,Senior Engineer,10/9/90,1/1/99
472790,Zhenbing,Ibel,1/23/65,Senior Engineer,10/29/85,1/1/99
472950,Weidon,Fordan,1/29/65,Senior Engineer,3/27/86,1/1/99
473268,Hugo,Sgarro,1/1/65,Senior Staff,4/24/92,1/1/99
473299,Khaled,Penn,1/12/65,Senior Staff,5/19/92,1/1/99
473490,Pantung,Reeker,1/6/65,Senior Staff,5/11/92,1/1/99
473940,Avishai,Majewski,1/16/65,Engineer,1/10/98,1/1/99
474331,Sugwoo,Eugenio,1/29/65,Senior Staff,10/6/91,1/1/99
474763,Mayuko,Clouatre,1/7/65,Engineer,9/4/97,1/1/99
474796,Zongyan,Shackel,1/10/65,Technique Leader,11/9/86,1/1/99
475087,Genevieve,Snedden,1/31/65,Senior Engineer,10/21/88,1/1/99
475258,Fumiyo,Feinberg,1/10/65,Senior Staff,11/22/87,1/1/99
475538,Christophe,Leaver,1/15/65,Staff,10/31/98,1/1/99
475938,Shigeaki,Lanteri,1/14/65,Senior Engineer,2/17/89,1/1/99
475965,Rimon,Pietracaprina,1/2/65,Senior Engineer,7/10/85,1/1/99
476055,Girolamo,Schlumberger,1/3/65,Senior Staff,3/7/93,1/1/99
476122,Khun,Spieker,1/4/65,Engineer,5/7/95,1/1/99
476327,Reinhold,Binkley,1/31/65,Senior Engineer,5/29/95,1/1/99
476361,Doohun,Preusig,1/9/65,Technique Leader,4/13/85,1/1/99
477350,Terresa,Vigier,1/1/65,Staff,7/8/98,1/1/99
477578,Marit,Paludetto,1/23/65,Senior Engineer,9/30/90,1/1/99
477969,Bluma,Mundy,1/18/65,Senior Engineer,10/18/91,1/1/99
478007,Fumino,Narahara,1/6/65,Senior Engineer,9/21/91,1/1/99
478170,Doowon,Schoegge,1/22/65,Engineer,5/29/94,1/1/99
478218,Djenana,Erol,1/2/65,Engineer,1/31/99,1/1/99
478439,Yuichiro,Bale,1/15/65,Technique Leader,11/4/97,1/1/99
478768,Arun,Katzenelson,1/3/65,Senior Engineer,10/28/91,1/1/99
478799,Shaw,Borovoy,1/18/65,Senior Staff,5/11/91,1/1/99
478833,Pradeep,Valiente,1/30/65,Senior Engineer,9/19/92,1/1/99
478858,Hidekazu,Perna,1/20/65,Staff,11/8/99,1/1/99
479024,Ewing,Kalorkoti,1/3/65,Engineer,12/21/96,1/1/99
479407,Randi,Tomescu,1/18/65,Senior Engineer,11/25/86,1/1/99
479601,Kayoko,Bahi,1/19/65,Staff,2/19/97,1/1/99
479695,Masamitsu,Murrill,1/6/65,Senior Staff,6/27/96,1/1/99
480035,Sukumar,Georg,1/26/65,Senior Staff,3/27/90,1/1/99
480066,Suebskul,Menhardt,1/31/65,Senior Engineer,7/26/94,1/1/99
480178,Uinam,Rahier,1/3/65,Senior Staff,2/10/91,1/1/99
480268,Gaurav,Cheshire,1/18/65,Technique Leader,3/30/89,1/1/99
480407,Deniz,Bennis,1/1/65,Senior Engineer,6/24/89,1/1/99
481050,Weiru,Burnard,1/16/65,Senior Staff,10/15/90,1/1/99
481213,Shigehiro,Haldar,1/8/65,Senior Staff,12/14/91,1/1/99
481397,Luisa,Chelton,1/31/65,Assistant Engineer,8/13/98,1/1/99
481764,Teiji,Marrakchi,1/27/65,Senior Engineer,8/26/86,1/1/99
481790,Haldun,Erie,1/22/65,Senior Engineer,9/12/96,1/1/99
482335,Kwangyoen,Peck,1/26/65,Engineer,1/16/94,1/1/99
482354,Jayson,Zockler,1/23/65,Staff,11/6/99,1/1/99
482755,Jouni,Conia,1/3/65,Senior Staff,10/31/94,1/1/99
482885,Shaunak,Brizzi,1/29/65,Senior Engineer,9/2/88,1/1/99
482905,Aral,Hebden,1/16/65,Senior Staff,9/10/91,1/1/99
482944,Duke,Journel,1/26/65,Senior Staff,10/26/91,1/1/99
483401,Rosita,Pokrovskii,1/10/65,Senior Staff,8/3/96,1/1/99
483675,Hausi,Kamber,1/22/65,Senior Engineer,2/16/88,1/1/99
483825,Marek,Mitchem,1/22/65,Senior Engineer,11/20/92,1/1/99
483838,Sham,Kavanagh,1/3/65,Assistant Engineer,12/18/97,1/1/99
483978,Dung,Tanemo,1/24/65,Senior Staff,1/28/90,1/1/99
484126,Manton,Lueh,1/5/65,Senior Staff,4/7/89,1/1/99
484142,Perry,Cooman,1/5/65,Senior Staff,4/23/87,1/1/99
484498,Herbert,Hammerschmidt,1/26/65,Senior Engineer,8/22/96,1/1/99
484756,Phule,Ruemmler,1/16/65,Senior Engineer,8/9/90,1/1/99
485253,Gladys,Parhami,1/14/65,Senior Staff,7/20/96,1/1/99
485489,Keiichiro,Armand,1/1/65,Senior Engineer,12/14/86,1/1/99
485577,Rafael,Menhoudj,1/30/65,Senior Engineer,4/27/97,1/1/99
485579,Munehiro,Iwayama,1/18/65,Senior Engineer,12/16/86,1/1/99
485799,Yoshimitsu,Litvinov,1/27/65,Senior Staff,11/22/97,1/1/99
485817,Mahmut,Bolotov,1/29/65,Engineer,1/10/95,1/1/99
486068,Yefim,Bernardeschi,1/11/65,Senior Staff,6/26/96,1/1/99
486808,Geoffrey,Siochi,1/5/65,Senior Engineer,12/27/98,1/1/99
486918,Yagil,Remmers,1/18/65,Senior Staff,11/1/94,1/1/99
486956,Matt,Ruemmler,1/1/65,Engineer,10/14/93,1/1/99
486958,Tonny,Kropf,1/6/65,Senior Engineer,7/30/86,1/1/99
487008,Zhigen,Raney,1/22/65,Senior Staff,5/26/93,1/1/99
487505,Uno,Jayawardene,1/20/65,Senior Staff,11/2/87,1/1/99
487988,Ekawit,Schaft,1/5/65,Senior Staff,5/20/90,1/1/99
488095,Francoise,Hegner,1/24/65,Senior Staff,12/23/97,1/1/99
488142,Denis,Narlikar,1/5/65,Senior Staff,7/1/91,1/1/99
488482,Kensyu,Tsunoo,1/30/65,Engineer,12/5/99,1/1/99
488540,Breannda,Maquelin,1/22/65,Senior Staff,4/12/96,1/1/99
488619,Georgy,Bennis,1/25/65,Engineer,4/11/98,1/1/99
488693,Jiong,Zultner,1/27/65,Senior Engineer,3/10/93,1/1/99
488707,Mihalis,Remmers,1/16/65,Senior Staff,3/1/90,1/1/99
488752,Nimmagadda,Baja,1/23/65,Senior Staff,2/9/94,1/1/99
488788,Wuxu,Garigliano,1/12/65,Senior Staff,9/21/90,1/1/99
488984,Kendra,Junet,1/18/65,Senior Staff,2/28/86,1/1/99
489755,Matk,Chorvat,1/14/65,Senior Staff,12/30/94,1/1/99
489756,Kersti,Miculan,1/1/65,Senior Staff,6/9/92,1/1/99
489928,Satoru,Janetzko,1/28/65,Assistant Engineer,7/26/97,1/1/99
490551,Lalit,Lindqvist,1/1/65,Engineer,11/7/98,1/1/99
490557,Luise,Vigier,1/27/65,Senior Engineer,7/1/94,1/1/99
490568,Zita,Reistad,1/1/65,Senior Engineer,7/23/98,1/1/99
490720,Younwoo,Samarati,1/19/65,Senior Engineer,8/19/96,1/1/99
491079,Kwangsub,Keirsey,1/6/65,Senior Engineer,2/4/92,1/1/99
491162,Panayotis,Hempstead,1/14/65,Senior Engineer,8/29/94,1/1/99
491478,Gill,Varman,1/16/65,Senior Staff,6/18/88,1/1/99
491596,Charmane,Pargas,1/21/65,Senior Engineer,7/29/88,1/1/99
491632,Gadiel,Perly,1/1/65,Senior Staff,10/20/86,1/1/99
492000,Valeska,Cools,1/10/65,Senior Staff,12/16/93,1/1/99
492052,Udo,Ratnakar,1/11/65,Staff,11/30/99,1/1/99
492217,Heekeun,Verhaegen,1/16/65,Senior Engineer,9/28/91,1/1/99
492639,Sanjoy,Porenta,1/30/65,Engineer,7/10/97,1/1/99
492677,Goetz,McAffer,1/26/65,Senior Engineer,2/5/88,1/1/99
493031,Hironoby,Jakobus,1/23/65,Senior Staff,7/30/91,1/1/99
493048,Muzhong,Berztiss,1/31/65,Senior Staff,1/23/95,1/1/99
493096,Sachem,Msuda,1/31/65,Engineer,4/7/95,1/1/99
493744,Leni,Kropatsch,1/14/65,Senior Engineer,7/17/97,1/1/99
494019,Morrie,Iisaku,1/16/65,Senior Staff,5/6/91,1/1/99
494088,Phule,Dahlbom,1/10/65,Senior Engineer,2/6/89,1/1/99
494493,Masasuke,Koprowski,1/10/65,Staff,11/20/96,1/1/99
494995,Yongmao,Pouyioutas,1/4/65,Senior Staff,8/24/89,1/1/99
496100,Pranjal,Reinhard,1/7/65,Staff,5/8/95,1/1/99
496970,Giordano,Maquelin,1/3/65,Senior Engineer,12/31/99,1/1/99
496978,Danco,Debuse,1/30/65,Senior Staff,9/10/93,1/1/99
497007,Oldrich,Adachi,1/23/65,Senior Engineer,4/3/97,1/1/99
497174,Sanjiv,Bressoud,1/2/65,Senior Engineer,4/27/93,1/1/99
497340,Fayez,Keohane,1/6/65,Senior Staff,9/19/90,1/1/99
497391,Paris,Lieblein,1/30/65,Engineer,5/19/99,1/1/99
497835,Shuho,Laurillard,1/29/65,Technique Leader,10/6/99,1/1/99
498185,Caolyn,Marciano,1/19/65,Senior Engineer,6/6/99,1/1/99
498337,Naraig,Docker,1/30/65,Staff,5/17/97,1/1/99
498456,Geraldo,Gerteisen,1/17/65,Senior Staff,6/5/87,1/1/99
498635,Florian,Pezzoli,1/9/65,Senior Staff,7/22/88,1/1/99
498838,Sanjay,Ciolek,1/16/65,Senior Staff,12/13/89,1/1/99
498845,Arumugam,Pelc,1/9/65,Senior Engineer,11/13/99,1/1/99
498955,Nechama,Kandlur,1/13/65,Senior Engineer,1/16/95,1/1/99
499194,Padma,Delgrange,1/29/65,Senior Staff,1/2/98,1/1/99
499260,Danae,Honglei,1/11/65,Engineer,9/14/98,1/1/99
499495,Baoqiu,Kakkar,1/14/65,Engineer,8/30/99,1/1/99